movieId,category
7232,9776.0
6700,9985.0
6953,9882.0
9447,10022.0
8394,9922.0
7236,9823.0
7326,10004.0
8843,9811.0
6633,9953.0
6958,10016.0
6634,9922.0
6977,9985.0
8437,9985.0
8957,9808.0
7074,9838.0
8830,9981.0
8726,9985.0
8057,9986.0
9144,9985.0
8836,9922.0
8360,9978.0
6759,9922.0
7309,9984.0
6566,9985.0
8379,9957.0
6087,9899.0
7136,9810.0
7760,9953.0
7584,9922.0
6784,9852.0
8333,9985.0
9225,9922.0
7605,9747.0
6627,9817.0
7946,10020.0
6822,10010.0
7875,9931.0
7061,9962.0
8801,9985.0
6189,10001.0
6040,9891.0
8000,9953.0
8001,9985.0
8731,9985.0
6299,9913.0
7067,9985.0
7068,9985.0
7246,10008.0
8067,9898.0
6570,9998.0
9153,9981.0
6647,9822.0
7285,9953.0
7396,9756.0
9107,9981.0
7576,9985.0
6686,10031.0
8233,9933.0
6687,9769.0
8307,9985.0
8667,9922.0
7142,9888.0
8955,9981.0
9507,9953.0
7249,9971.0
7831,9985.0
7726,9998.0
7252,9985.0
9617,9922.0
8920,9746.0
9069,9985.0
7256,9922.0
6473,9922.0
8165,9803.0
9146,9870.0
9147,9997.0
9074,9998.0
7292,10008.0
7649,10020.0
6331,9953.0
8275,9985.0
9110,9747.0
6941,10014.0
6407,9931.0
7298,9942.0
9186,9985.0
7583,10004.0
7332,9985.0
7227,9786.0
9294,9923.0
9295,9922.0
9296,9931.0
6149,10006.0
8317,10041.0
8529,9953.0
7873,9998.0
9510,9981.0
6628,9763.0
7729,9810.0
9693,9922.0
8891,9998.0
7984,9747.0
7021,9985.0
7912,9985.0
8897,9931.0
7264,9933.0
6554,9922.0
6481,9922.0
8351,9922.0
6304,9922.0
7447,9789.0
7123,9985.0
9738,9840.0
6519,9985.0
7481,9953.0
8106,9880.0
7304,10014.0
7409,9922.0
7840,9838.0
7411,9931.0
8392,9765.0
9373,9985.0
8466,9904.0
6629,10006.0
7235,9963.0
7591,9906.0
6775,9901.0
7237,9758.0
6632,9890.0
8398,9819.0
6134,9922.0
8756,10020.0
8610,9985.0
7956,10020.0
8435,10020.0
9774,9985.0
7992,10011.0
7636,9931.0
9848,10040.0
7993,9985.0
7994,9803.0
6274,9953.0
7163,9985.0
7996,9998.0
6202,9974.0
6060,9793.0
6204,9931.0
7129,10020.0
6419,10046.0
8540,9998.0
6388,9922.0
6496,9922.0
7135,9981.0
6959,10032.0
6498,9747.0
7566,9845.0
9457,10040.0
7424,10026.0
9490,9840.0
9134,9985.0
6819,9985.0
6537,9985.0
8767,9922.0
8041,9985.0
7823,10006.0
8982,9985.0
8045,9985.0
6357,10019.0
8007,9906.0
9717,10008.0
7283,10008.0
6395,9933.0
7284,9813.0
9932,
7286,10046.0
9460,9877.0
7680,9980.0
7433,9992.0
9573,10027.0
6143,9998.0
8774,10044.0
7470,9953.0
9907,10041.0
7118,10001.0
9036,9985.0
7654,9985.0
7330,9981.0
6692,9985.0
8206,10008.0
7619,9931.0
9658,10040.0
7088,9985.0
7300,9985.0
6591,9807.0
7305,9922.0
6772,10026.0
7417,10038.0
7418,9985.0
9591,9931.0
7343,10020.0
8509,9981.0
9207,10046.0
8656,9931.0
9710,9953.0
8910,10006.0
8154,10044.0
7175,9901.0
8120,9942.0
8990,9963.0
7253,10033.0
7075,9747.0
9741,9871.0
8405,9985.0
7426,9953.0
9566,9922.0
7240,9838.0
8986,10044.0
7279,9867.0
9026,10044.0
8372,10046.0
7214,9981.0
6078,9953.0
6327,9963.0
8376,9759.0
7574,10036.0
7431,9922.0
7505,9746.0
6899,9922.0
7722,9922.0
6905,9746.0
7723,9928.0
8809,9922.0
6254,9922.0
7798,9810.0
6540,9832.0
6545,9998.0
7289,9952.0
9832,9922.0
6548,10024.0
6080,10008.0
8097,9806.0
9838,9922.0
6086,9980.0
8739,9922.0
6335,9922.0
6620,9985.0
7656,9962.0
6767,9777.0
6338,9998.0
9118,10006.0
8599,9770.0
7948,10020.0
6263,10044.0
9767,10037.0
6268,9922.0
6045,9809.0
9045,10046.0
7085,9998.0
6839,9747.0
6089,9980.0
6091,9922.0
7230,10008.0
7231,10046.0
9120,10031.0
6416,9759.0
7307,9765.0
9122,9966.0
9552,9985.0
8467,9953.0
8321,9922.0
9553,9985.0
7593,9985.0
7951,10020.0
8755,10020.0
7524,9985.0
8328,9985.0
6201,9830.0
7166,9985.0
9055,9981.0
8109,9895.0
7743,10020.0
9202,9922.0
8476,10044.0
8330,9922.0
7674,9998.0
7318,9993.0
8760,10020.0
8762,9922.0
7960,10020.0
8764,9942.0
7962,10020.0
8619,10020.0
9425,9953.0
9783,9922.0
7007,10008.0
6935,9948.0
9059,9922.0
7827,9983.0
6215,10020.0
6500,9764.0
7468,9953.0
8198,10044.0
7754,10037.0
7682,9898.0
9288,9931.0
9215,9953.0
7758,9931.0
8845,9922.0
8773,9830.0
7688,9985.0
6360,9922.0
8052,9893.0
9139,9872.0
8991,9810.0
7833,10024.0
8638,10040.0
7539,9922.0
8998,10020.0
7548,9913.0
7761,9885.0
7689,10008.0
6947,9859.0
7692,9985.0
8423,10020.0
7768,9981.0
9515,9922.0
8929,9985.0
9152,9985.0
6055,10006.0
8068,9919.0
6233,9933.0
6590,10044.0
7552,9858.0
9085,9891.0
8357,9985.0
7556,9985.0
7128,9985.0
9299,9963.0
6952,9996.0
7769,9810.0
9448,9931.0
8646,9933.0
7488,9931.0
7771,9963.0
7772,9838.0
8429,9923.0
7773,9922.0
9305,9965.0
9306,9963.0
9663,9942.0
8434,9922.0
7633,9998.0
8722,9922.0
6451,9959.0
8798,10041.0
7033,9985.0
7923,9985.0
7924,9804.0
6311,9922.0
6063,10004.0
9090,10020.0
6387,9933.0
8362,9980.0
7132,9981.0
6068,9884.0
6601,10020.0
7134,9746.0
7568,9966.0
8227,10024.0
6536,9922.0
6241,9922.0
7786,9985.0
8947,9990.0
8005,10040.0
9538,9922.0
6392,9956.0
6071,10004.0
7282,9887.0
7936,9957.0
7210,9985.0
9825,9998.0
6073,9907.0
6396,9789.0
6075,9985.0
6753,9981.0
8445,9985.0
7140,9985.0
9756,9942.0
7069,9922.0
7727,9922.0
6403,9926.0
9540,9931.0
9111,9922.0
9113,9983.0
9547,9822.0
7082,9985.0
6636,10044.0
6422,9985.0
8545,9922.0
9563,9904.0
7608,9838.0
8121,9922.0
9639,9998.0
9643,9852.0
8841,9922.0
9575,10027.0
9792,9998.0
9721,9985.0
8056,9890.0
9724,9819.0
9649,9985.0
7335,9981.0
6877,9985.0
7046,9862.0
7986,9908.0
9005,9890.0
6305,9985.0
6056,9998.0
7480,9931.0
7127,9985.0
6951,9985.0
6238,10044.0
7845,9953.0
8508,9842.0
8139,9998.0
7998,9923.0
7419,9985.0
6608,9985.0
7713,9830.0
9604,9746.0
6900,9922.0
8036,9933.0
7612,9922.0
6513,9985.0
7260,9833.0
8375,9840.0
9464,10020.0
7432,9968.0
7721,9985.0
6547,9810.0
9252,9981.0
6081,9803.0
6689,9922.0
9539,9985.0
9187,10020.0
8741,9922.0
7515,9985.0
7732,9981.0
6190,10020.0
6549,9950.0
6043,9931.0
7660,10036.0
9194,9985.0
6097,9998.0
8751,9942.0
8468,10036.0
7879,10006.0
7955,10020.0
7527,9807.0
6269,9931.0
7159,9922.0
6200,9981.0
7450,9746.0
6563,10008.0
7098,9854.0
6493,9838.0
7740,9922.0
7313,9985.0
6780,10043.0
7316,9998.0
7678,10036.0
9567,9922.0
8336,9832.0
6504,9953.0
7750,9963.0
6577,10017.0
6432,9985.0
8481,9953.0
6112,9992.0
9285,9810.0
9212,9922.0
6144,9931.0
6292,9922.0
9289,10044.0
9291,9953.0
6515,9746.0
6150,9762.0
9298,9981.0
7628,10044.0
8062,9921.0
6053,9985.0
6376,9872.0
8353,9922.0
8639,10024.0
6308,9985.0
6594,9749.0
7699,9906.0
9304,9985.0
7774,9931.0
9520,10027.0
8725,10020.0
8727,9746.0
6384,9922.0
8359,9998.0
6064,9998.0
8363,9931.0
8368,9985.0
7849,9953.0
8580,9985.0
7712,9998.0
7717,9985.0
7066,9981.0
8738,9922.0
6321,9802.0
6406,9922.0
6262,10006.0
9337,9784.0
9987,
6844,9985.0
9549,9810.0
6339,9998.0
7816,9959.0
9340,9962.0
7382,9985.0
9199,9922.0
6568,9927.0
9491,9922.0
7099,9922.0
7395,9779.0
7397,9801.0
9217,9985.0
9790,9905.0
9865,9980.0
9794,9998.0
8341,9765.0
7187,9985.0
8205,9985.0
9292,9922.0
7623,9817.0
7262,9819.0
7485,9791.0
9662,9922.0
6817,9981.0
7708,10026.0
9523,9922.0
9955,
7272,10015.0
7346,10020.0
9309,9981.0
7349,10020.0
6467,9963.0
8661,9922.0
9397,9998.0
9398,9962.0
7795,9953.0
7359,10020.0
8163,9985.0
8164,9769.0
8093,10026.0
7291,9985.0
7293,9931.0
9908,10020.0
7295,9747.0
7296,9931.0
7870,9872.0
9402,9810.0
6625,9833.0
6626,9876.0
9477,9931.0
9478,9922.0
9335,9972.0
8535,9985.0
8536,10027.0
6041,9861.0
8537,9890.0
6192,9985.0
6046,9953.0
8172,9985.0
8174,10019.0
8175,10044.0
8176,9922.0
6841,9922.0
8177,10035.0
7448,9746.0
7378,9853.0
7308,9932.0
8679,10036.0
6631,9898.0
6635,10046.0
9486,9922.0
7957,10020.0
8179,9951.0
8111,9918.0
7310,9998.0
7384,9985.0
8116,9933.0
8117,9998.0
7315,9985.0
6782,9953.0
6710,9985.0
7317,9922.0
9564,9832.0
7966,10026.0
8696,9985.0
9427,9985.0
6355,9985.0
6356,10044.0
6287,9906.0
8119,9942.0
7321,10040.0
7322,9985.0
6789,9981.0
8126,9922.0
7325,9985.0
9647,9990.0
8701,9985.0
9505,9922.0
8339,9771.0
6219,9787.0
6368,10024.0
9073,10044.0
6225,9922.0
8200,9985.0
9076,9985.0
8129,9976.0
9078,9810.0
8130,9976.0
6869,9922.0
8132,9861.0
6943,9953.0
8133,9861.0
7331,9922.0
8135,9985.0
7333,9962.0
6804,9985.0
8785,10020.0
7048,9906.0
7987,9912.0
6372,10008.0
6378,9953.0
8355,9906.0
7410,9799.0
8213,9985.0
7413,9922.0
7414,9931.0
6954,9985.0
7415,9970.0
7416,9985.0
6955,9922.0
6957,10044.0
7051,9898.0
8865,9998.0
9668,9833.0
7054,9985.0
7055,9909.0
7058,9863.0
9528,10044.0
6383,9985.0
6314,9985.0
8291,10006.0
6316,9985.0
6962,9922.0
6963,9947.0
9740,9746.0
9742,9747.0
6965,9953.0
9743,10020.0
7059,9898.0
6823,9985.0
6897,9922.0
7062,10027.0
7064,9833.0
8732,9890.0
8006,9906.0
6390,9985.0
8444,9922.0
8446,9827.0
9105,10008.0
8232,9922.0
6971,9998.0
7070,9998.0
7143,9985.0
7071,9985.0
6474,9789.0
6982,9985.0
9762,9985.0
7081,10044.0
6409,10044.0
8462,9953.0
9192,9985.0
8463,9922.0
9125,10008.0
9126,9998.0
6992,10046.0
6993,10044.0
9630,10041.0
8902,9985.0
9632,10025.0
7164,9985.0
6559,9985.0
9707,9985.0
8834,9947.0
7168,9981.0
8470,9922.0
6101,9985.0
9348,10008.0
7672,9985.0
8475,9931.0
9136,9810.0
9138,9985.0
9851,9981.0
8039,9985.0
7002,9998.0
8040,9985.0
7239,10008.0
8042,9985.0
7242,9795.0
8044,9922.0
7243,9803.0
7008,9746.0
8911,10012.0
9714,9953.0
8985,9922.0
6937,9931.0
8048,9852.0
8913,9998.0
6938,9923.0
7174,9985.0
8987,10020.0
6578,9922.0
8410,9985.0
9286,10027.0
9213,9922.0
9214,9922.0
8414,9998.0
8417,10044.0
7010,9985.0
8050,9913.0
8051,9893.0
8054,9920.0
7254,9819.0
7112,10028.0
9727,9985.0
6580,9746.0
6581,9985.0
6582,9754.0
9293,9922.0
8492,9985.0
8568,9953.0
7693,9931.0
7622,10035.0
9228,9815.0
6155,9962.0
7625,9985.0
8060,9890.0
7259,9922.0
7119,9985.0
9006,9936.0
9007,9842.0
8569,9922.0
9303,9852.0
9233,9994.0
8432,10020.0
9237,9791.0
8438,10031.0
7341,10020.0
7269,10044.0
8144,9879.0
8072,9872.0
8147,10044.0
7273,10004.0
8148,9959.0
7130,9981.0
9386,9985.0
6242,9746.0
7715,9985.0
6247,9985.0
8150,10044.0
8079,9953.0
8080,9922.0
9967,
8082,9922.0
8084,10026.0
8085,9985.0
8086,9747.0
8088,10004.0
7792,9933.0
6255,10006.0
8745,9953.0
8678,10044.0
8749,10044.0
6702,9985.0
9487,9953.0
6270,9985.0
8115,9922.0
6285,9922.0
6288,9746.0
7327,9953.0
9435,10041.0
9140,9985.0
8637,10040.0
8345,9931.0
6803,9985.0
6381,9931.0
7926,9985.0
8364,9832.0
9168,9746.0
8946,9985.0
6827,9922.0
8805,9953.0
8374,9746.0
7500,9922.0
9185,9985.0
7585,9819.0
6479,9981.0
6480,9953.0
8546,9985.0
7602,10041.0
7537,9985.0
8922,9841.0
9221,9985.0
6124,9998.0
6127,9922.0
7025,9802.0
6520,9852.0
8578,9985.0
7704,9906.0
8145,9938.0
6747,9962.0
9401,9810.0
6852,9985.0
9936,
6973,9948.0
9697,9838.0
7342,10020.0
7038,9853.0
8655,9931.0
9824,9998.0
7370,9985.0
7301,9922.0
8680,9906.0
9075,9756.0
9518,9985.0
6049,9783.0
8861,10008.0
9533,9931.0
6460,9985.0
9109,9985.0
8453,9953.0
7518,9922.0
6556,9922.0
6991,10027.0
6099,9861.0
9784,9985.0
8409,10006.0
7255,9923.0
8567,9931.0
7626,9953.0
9308,9931.0
9456,10020.0
9393,9953.0
7302,9898.0
8611,9779.0
8770,9922.0
9072,10044.0
8282,10033.0
8733,10044.0
8959,9985.0
8021,9853.0
9015,10032.0
8524,10025.0
6180,9985.0
9837,9985.0
8746,9985.0
8606,10020.0
9043,9922.0
9044,9998.0
8758,10020.0
6199,10007.0
6787,9985.0
8763,9922.0
8620,10020.0
7822,9998.0
7461,9922.0
9500,9980.0
9574,9922.0
6296,9971.0
6871,10020.0
6801,9931.0
8715,9985.0
7922,10027.0
8802,9985.0
9605,10044.0
8803,9985.0
7931,10008.0
7647,10005.0
7435,9985.0
8879,9985.0
8880,9981.0
9685,9985.0
6539,9985.0
9184,9890.0
8311,10036.0
8312,9985.0
7658,9985.0
7664,10008.0
7526,9985.0
7741,9827.0
8472,9985.0
6109,9792.0
7683,9949.0
7684,9822.0
8921,9873.0
8426,10024.0
8428,9789.0
9000,9810.0
6592,9981.0
6667,10045.0
9300,9985.0
8644,9985.0
7843,9985.0
7844,9985.0
8430,10020.0
8433,10020.0
9812,10020.0
7131,9922.0
7711,9779.0
8594,9922.0
8668,9933.0
8740,9979.0
8607,10020.0
8752,10020.0
7950,10020.0
9555,9815.0
8682,9985.0
8759,9922.0
8761,10020.0
8844,9995.0
8867,10046.0
8800,9931.0
8895,9789.0
8408,9985.0
8927,9809.0
8431,10020.0
9014,9922.0
7218,9767.0
8592,9998.0
8593,9938.0
9971,
9902,10024.0
7224,9922.0
9542,9985.0
9918,9922.0
9414,9817.0
7818,10006.0
6203,9838.0
9496,9922.0
6358,9985.0
6286,9998.0
7467,9922.0
7323,9842.0
8699,9985.0
8700,9985.0
8702,9985.0
8703,9985.0
8706,9755.0
8707,9922.0
9071,9985.0
8350,9922.0
8212,9922.0
6237,9992.0
8791,9985.0
6379,9905.0
9739,9840.0
8940,9998.0
9677,10015.0
6069,9985.0
7640,9922.0
9752,9802.0
8951,9985.0
9615,10046.0
6542,9985.0
6332,9953.0
7653,9985.0
8385,9773.0
6981,9985.0
6485,9922.0
7663,10036.0
9195,9985.0
8326,9891.0
8327,9922.0
9701,9994.0
9633,10025.0
9339,10039.0
7245,9900.0
7108,9963.0
6115,10041.0
8416,9985.0
8049,9892.0
9866,9980.0
6649,9998.0
7116,10035.0
8565,9999.0
8566,9981.0
8493,9985.0
8494,10006.0
9735,9809.0
8572,9922.0
7340,9823.0
6746,9985.0
8652,9954.0
8581,9985.0
6535,9953.0
8588,9772.0
7787,9985.0
9966,
8155,10035.0
8156,10044.0
9024,10008.0
9028,9922.0
8162,9922.0
8091,9990.0
9032,9947.0
7225,9985.0
6261,9933.0
6197,9985.0
9916,9817.0
8178,9985.0
9479,10046.0
6776,10012.0
8757,9922.0
8612,9779.0
6341,9931.0
6271,9922.0
8180,9980.0
8181,10044.0
6207,9858.0
8182,10044.0
8184,9947.0
7383,9746.0
9928,
7314,9960.0
9565,9985.0
6352,9746.0
8192,10044.0
8122,9922.0
8124,9747.0
8128,10036.0
8846,9995.0
8778,9832.0
9436,9985.0
9437,9938.0
9438,10009.0
6366,9942.0
7406,9821.0
6878,9780.0
7044,9852.0
6444,9985.0
7915,10001.0
6300,9985.0
6301,9985.0
8287,9998.0
7052,9890.0
7921,9994.0
7995,9994.0
6065,9985.0
8292,9922.0
9744,9922.0
9672,9970.0
9674,9832.0
7999,9819.0
9678,9985.0
8441,9866.0
8443,9922.0
7645,9985.0
7430,9985.0
7072,9931.0
6330,9969.0
6083,9747.0
8387,9922.0
6979,9922.0
8460,9985.0
8461,9838.0
7165,9985.0
7601,9922.0
7538,9998.0
7103,9922.0
6571,9985.0
6505,9998.0
8412,10009.0
8053,9906.0
8992,10020.0
8058,9896.0
6655,9922.0
6585,9981.0
8489,9922.0
6514,9922.0
6125,9872.0
8059,9868.0
8064,9862.0
8932,9931.0
9737,9840.0
6524,9985.0
7630,9985.0
7778,10044.0
9950,
7133,9985.0
6532,9933.0
8081,9929.0
7281,9757.0
9969,
7360,10020.0
9029,10024.0
9030,9985.0
7366,10020.0
7297,9814.0
8672,9837.0
8677,9922.0
7446,10044.0
7373,9985.0
8103,9985.0
8683,9985.0
8685,9985.0
8686,9953.0
8613,9779.0
7811,9985.0
8687,9942.0
8688,9942.0
7379,9985.0
8692,10036.0
7389,9838.0
8199,9985.0
6369,9922.0
7412,9998.0
6881,9953.0
6824,9931.0
8875,9985.0
6459,9838.0
9247,9922.0
8377,9759.0
8234,10044.0
8013,9906.0
6918,10044.0
8821,10006.0
8828,9902.0
9121,9985.0
8899,9985.0
8829,9931.0
9635,10025.0
8033,9998.0
8541,9998.0
8406,9985.0
8335,9832.0
8043,9922.0
8988,10020.0
7756,9795.0
8415,9931.0
9791,9922.0
7258,9985.0
9364,9938.0
7694,9908.0
8142,9933.0
9312,9922.0
7733,9783.0
7507,9783.0
6624,9892.0
9039,9985.0
8839,10020.0
9092,10012.0
9307,9985.0
9813,10020.0
9394,9985.0
7793,9985.0
6184,9852.0
7728,9787.0
8161,9985.0
8173,10007.0
7444,9985.0
9056,10020.0
7386,9906.0
6857,9852.0
9489,10006.0
6717,9985.0
6351,9985.0
6212,9922.0
8189,9985.0
7464,9922.0
9935,
7838,9747.0
6295,9855.0
6224,9922.0
8202,9963.0
7477,10031.0
6872,9985.0
8710,9985.0
6949,9922.0
8288,9922.0
6810,9836.0
6888,9981.0
9159,9981.0
9091,9922.0
8228,9953.0
6825,9985.0
6468,9961.0
8302,9953.0
8304,9985.0
7073,9998.0
6837,9953.0
6838,9852.0
7076,9982.0
9249,9981.0
8452,9998.0
8455,9922.0
7086,9931.0
9699,10044.0
9700,9802.0
8831,9922.0
8030,9913.0
8833,9985.0
6104,9922.0
7244,9819.0
9282,10046.0
8413,9985.0
6512,9931.0
6120,9968.0
9297,9957.0
6151,9994.0
9874,9985.0
7261,9942.0
9956,
8517,9985.0
7287,10019.0
7288,9985.0
9459,10024.0
9544,10024.0
7228,10040.0
9546,9985.0
9474,10004.0
6698,9922.0
8241,9981.0
7306,9998.0
7238,9882.0
8681,10020.0
7884,9994.0
9991,
8187,9985.0
8188,9947.0
9560,10020.0
6713,10040.0
8765,9922.0
8847,9890.0
9143,9842.0
6226,10020.0
6942,10028.0
9657,10044.0
9513,9985.0
6050,9933.0
8280,9985.0
9083,9985.0
6235,9985.0
6950,10012.0
8215,9953.0
9590,9922.0
9595,9746.0
7997,10026.0
8361,9922.0
8298,10020.0
7427,9931.0
9673,9832.0
9747,9898.0
8004,9890.0
8448,9842.0
8956,9808.0
6470,9762.0
8449,9961.0
8450,10006.0
6084,9931.0
8458,9789.0
6990,9963.0
6560,9985.0
9779,10008.0
9780,9922.0
8550,9985.0
7251,9953.0
7257,9931.0
9802,10020.0
7266,9985.0
6595,9922.0
9377,9784.0
6164,9861.0
9809,10020.0
7345,10020.0
9012,9922.0
9959,
7352,10026.0
8157,10019.0
8158,10035.0
9463,9842.0
9400,9900.0
8171,9985.0
6342,9922.0
8183,10044.0
6214,9922.0
8340,9953.0
8284,9985.0
8796,9985.0
9746,9898.0
6464,9985.0
8954,10044.0
6411,9985.0
8391,9985.0
7096,9842.0
6507,9953.0
7702,9985.0
8748,9985.0
6196,9852.0
7959,10020.0
6727,10044.0
9715,9802.0
9461,10020.0
9462,9922.0
6758,9981.0
9465,9888.0
9326,10044.0
8597,9933.0
6256,9931.0
8092,10026.0
8098,9998.0
6763,9962.0
9541,9985.0
9545,10024.0
9399,9985.0
7872,9981.0
6042,9953.0
6044,9922.0
6843,9922.0
9480,9985.0
6273,9953.0
6275,9852.0
6276,9894.0
8185,10044.0
6712,9985.0
6354,9908.0
8193,9922.0
7324,9801.0
6291,9985.0
9653,10046.0
7337,9922.0
9582,9891.0
7042,9852.0
6733,9985.0
9079,9933.0
8352,9922.0
6306,9985.0
6234,10024.0
8286,10026.0
7919,9922.0
6452,10046.0
6455,9922.0
7927,9985.0
6315,9922.0
6317,10006.0
9095,9931.0
7420,9985.0
7496,9985.0
6891,9985.0
8945,10026.0
7060,9890.0
6389,9830.0
6463,10032.0
9169,9985.0
8442,9866.0
9245,9746.0
9102,9922.0
8300,9985.0
6077,9922.0
8301,9981.0
7502,9922.0
7429,9985.0
8305,9838.0
8308,9985.0
7139,9931.0
6471,9957.0
8818,9985.0
6400,9898.0
8451,9985.0
7580,9922.0
9258,9890.0
8457,9985.0
9623,10020.0
6550,9922.0
6557,9980.0
6484,9985.0
8459,9991.0
9191,9985.0
6417,9985.0
7595,9985.0
9629,10040.0
6489,9922.0
8837,9985.0
6420,9746.0
6494,10009.0
7742,10036.0
9347,10036.0
6103,9953.0
9137,9842.0
8981,9985.0
8914,9998.0
6644,9971.0
6648,9922.0
6502,9800.0
7752,9985.0
7679,10036.0
6506,9922.0
6113,9998.0
9287,9838.0
8486,10020.0
8989,10020.0
9723,9922.0
9725,9891.0
6651,9985.0
6579,9955.0
9728,10020.0
6510,9838.0
6511,9985.0
8498,9835.0
7627,9931.0
6157,9922.0
9729,10005.0
6589,10046.0
9370,9906.0
9302,9985.0
6526,10044.0
8502,9832.0
6133,9838.0
6161,9995.0
7632,9838.0
9885,9985.0
6530,9838.0
9313,10008.0
8512,9985.0
6538,9787.0
6246,9747.0
6174,9981.0
7219,9759.0
9403,9810.0
8105,9922.0
9508,9931.0
6944,9953.0
6961,9955.0
8225,9985.0
6969,9842.0
6986,9949.0
9769,10044.0
6994,9985.0
6567,9913.0
9722,9891.0
7276,9960.0
8589,9922.0
6183,9746.0
6940,10001.0
6945,9913.0
9587,9953.0
6373,9985.0
6885,9922.0
6967,9931.0
7247,9985.0
7263,9931.0
9405,9810.0
9409,9788.0
7824,9922.0
9141,10046.0
9101,9922.0
9765,9931.0
8402,9931.0
8983,9922.0
9875,9922.0
9808,10020.0
7124,9828.0
9444,9922.0
8573,9884.0
9236,9802.0
6533,9953.0
7215,9981.0
9982,
9988,
7961,10020.0
9593,9922.0
7080,9985.0
7696,9985.0
8583,9985.0
8247,9985.0
8104,9866.0
9051,10004.0
9061,9985.0
9067,9922.0
7320,9985.0
9501,9922.0
7976,9861.0
7336,9985.0
8786,9840.0
6960,10036.0
9239,9789.0
6972,9985.0
9679,10026.0
8015,9922.0
6985,9985.0
8961,9746.0
8819,9985.0
9127,9934.0
6996,10024.0
8974,9931.0
8975,9953.0
9135,9985.0
7000,9985.0
8909,9985.0
9283,9985.0
7274,9842.0
9380,10006.0
9388,9870.0
9468,9922.0
9325,10040.0
6067,10036.0
9198,9935.0
9860,9981.0
9826,9985.0
7719,9985.0
9974,
7222,9834.0
9543,10024.0
8676,9985.0
8604,10023.0
6193,10008.0
7738,9862.0
8245,9985.0
7372,9953.0
9057,9922.0
9058,9922.0
8110,9890.0
7311,9747.0
7387,9985.0
8689,9922.0
8342,9922.0
7334,10036.0
6946,10027.0
7338,9931.0
9585,9953.0
8856,9998.0
8713,9931.0
7985,9906.0
9149,9985.0
9150,9985.0
8217,9922.0
7056,9898.0
9160,9922.0
8222,9922.0
6966,10027.0
9537,9931.0
9242,9985.0
9243,9963.0
7503,9751.0
6970,9973.0
8383,9810.0
8960,9746.0
6988,9963.0
9766,9985.0
8965,9985.0
9626,9985.0
9772,9994.0
8971,9748.0
8906,9953.0
9638,9789.0
9269,9985.0
9206,9922.0
9208,9981.0
8980,9985.0
7169,9981.0
7100,10044.0
9720,9985.0
9799,9953.0
9732,9963.0
7191,9922.0
7125,9828.0
8506,9746.0
7339,9981.0
9883,9981.0
7270,10008.0
9379,9985.0
8651,9985.0
6604,9931.0
9310,10045.0
9022,9985.0
7874,9922.0
9426,10006.0
6876,9931.0
7934,9922.0
9751,10040.0
9636,10025.0
8835,9922.0
8471,9922.0
8418,9931.0
8419,10024.0
8421,9865.0
8422,10020.0
8510,9922.0
7290,9957.0
8747,9981.0
7799,9852.0
9404,9810.0
6194,9922.0
9910,10020.0
6842,9985.0
7303,10046.0
9551,9985.0
8614,9779.0
7458,9981.0
6863,9922.0
8127,9931.0
8771,9890.0
9506,9946.0
8277,9922.0
8278,9810.0
9512,9746.0
9588,9922.0
7988,9917.0
8210,9931.0
8721,9931.0
9606,9746.0
8003,9906.0
9099,9985.0
8370,9861.0
9100,9931.0
6902,9985.0
8958,9849.0
9688,9802.0
6984,9998.0
9764,9832.0
6987,9985.0
9130,9898.0
7004,10038.0
9359,9922.0
7117,9992.0
8424,9986.0
9870,9931.0
7120,9985.0
9008,9937.0
6162,9985.0
7201,9985.0
8650,9998.0
8513,9929.0
9891,9922.0
7211,9953.0
9827,10044.0
7866,9933.0
6272,9931.0
6211,9779.0
6217,9998.0
8194,9922.0
8854,9922.0
7914,9985.0
9519,9931.0
8289,9922.0
9745,9922.0
8002,9906.0
7642,9935.0
8373,9840.0
7434,9985.0
8813,9963.0
6546,9985.0
9181,9922.0
7655,10044.0
6488,9985.0
7519,10036.0
7186,9922.0
9736,9998.0
9235,9942.0
9011,9922.0
8579,10044.0
9903,10024.0
8016,9860.0
7392,9779.0
6730,9985.0
8716,9985.0
6052,9890.0
6818,9940.0
7933,9985.0
6085,9998.0
7659,9922.0
6131,9953.0
6529,9803.0
8811,10044.0
9196,9953.0
8066,9906.0
9558,10020.0
8708,9746.0
6297,9770.0
8855,9953.0
8787,9840.0
9667,9945.0
9682,9985.0
8469,9957.0
6936,10006.0
7015,9998.0
8563,9985.0
9445,10041.0
8576,9980.0
9451,9985.0
7697,9985.0
8585,9822.0
9976,
7963,10020.0
7557,9830.0
9594,9838.0
8720,9994.0
8447,9840.0
6418,9990.0
9841,10009.0
6919,10026.0
9846,9985.0
6105,10041.0
9797,9832.0
8559,9985.0
8495,9810.0
7629,9953.0
8073,9892.0
9819,10044.0
9025,9890.0
9050,9985.0
8136,9985.0
9651,9981.0
7991,9998.0
8885,9931.0
8022,9853.0
8023,9906.0
8024,9911.0
8025,9856.0
6930,9998.0
6146,9981.0
9290,9985.0
8499,9779.0
8500,9832.0
8501,9832.0
9810,10020.0
8146,9998.0
8149,10044.0
7860,10044.0
9323,9985.0
6179,9922.0
6257,9985.0
9475,9931.0
8530,9890.0
8531,9990.0
8244,9838.0
9912,10020.0
9913,9922.0
7953,10020.0
6344,9985.0
7453,9838.0
7821,9998.0
6792,9923.0
8777,9959.0
6939,9951.0
8207,9985.0
9579,9922.0
6948,10001.0
6736,9922.0
9084,9838.0
7053,9913.0
8868,9960.0
7057,9847.0
7492,9931.0
7639,9977.0
6394,9985.0
6074,9998.0
6326,9953.0
6328,10044.0
8378,9957.0
7437,9981.0
6976,9985.0
8888,9980.0
8454,9946.0
8456,9953.0
9115,9953.0
6410,9906.0
6486,9931.0
8465,9981.0
8395,9953.0
7671,9922.0
8331,9985.0
9853,9931.0
8482,9962.0
6508,9931.0
7610,9922.0
8923,9980.0
7265,9985.0
7122,9922.0
6528,9949.0
8507,9985.0
7705,10036.0
8076,9770.0
6672,9922.0
6531,9985.0
6605,9906.0
6244,9981.0
7716,9985.0
9319,9980.0
9978,
6886,9985.0
8008,9853.0
7141,9985.0
8009,9911.0
8010,9852.0
8011,9906.0
8012,9752.0
8014,9861.0
8017,9865.0
8018,9905.0
6405,9985.0
8019,9890.0
8020,9947.0
9716,9850.0
8562,9953.0
6614,9994.0
8089,10026.0
6638,9981.0
8191,9985.0
7398,9801.0
6868,9838.0
6874,9985.0
6875,9985.0
7565,9959.0
7498,9818.0
8440,9953.0
7641,9980.0
7513,10008.0
9443,10020.0
8570,9922.0
8571,9833.0
7030,10006.0
7035,10046.0
7791,9931.0
7801,9998.0
6278,9913.0
6209,9922.0
7970,10020.0
7836,9981.0
9654,9988.0
7983,9958.0
9516,10030.0
6375,9953.0
6054,9775.0
6058,9922.0
7049,9898.0
7050,9890.0
9522,10044.0
8866,9842.0
6449,9922.0
6385,9783.0
6458,10044.0
6462,10025.0
6319,9985.0
6399,9981.0
8896,9985.0
6552,9936.0
6553,9812.0
6555,10041.0
6413,9830.0
6093,9906.0
6415,9832.0
6492,9985.0
6572,9985.0
6573,9931.0
8055,9920.0
9004,9957.0
6525,9922.0
9965,
6198,9774.0
7093,9948.0
6128,9838.0
9900,10020.0
9548,9985.0
9429,9998.0
9655,9998.0
6062,10044.0
8046,10008.0
7376,9998.0
8539,9802.0
9656,9933.0
9592,9990.0
6925,9887.0
6132,9985.0
7216,9985.0
6610,9931.0
6757,9985.0
8159,9985.0
7223,9841.0
6619,9931.0
7229,9985.0
6774,9985.0
7381,9985.0
7456,9953.0
7391,9779.0
7319,10008.0
8271,9947.0
8201,9922.0
8204,9985.0
7329,9998.0
7404,9746.0
6805,10020.0
8354,9922.0
7561,9922.0
8367,9953.0
8303,9963.0
9106,9985.0
7648,9914.0
7650,10036.0
9117,9922.0
8388,9931.0
7662,9985.0
7666,9985.0
7522,9922.0
6989,9985.0
9346,10040.0
9131,9985.0
6932,10035.0
8556,9998.0
6139,9922.0
9218,9923.0
7687,9985.0
9365,9953.0
7765,10015.0
8645,9985.0
6165,9985.0
9381,9931.0
7855,9931.0
9324,9953.0
7725,9931.0
6187,9971.0
9476,10044.0
7808,9985.0
7952,10020.0
7887,9793.0
6346,9985.0
6348,10026.0
6281,9890.0
6216,9922.0
9644,9852.0
9503,9922.0
7900,9985.0
9432,9875.0
6361,9922.0
6365,9779.0
6223,10041.0
6298,9985.0
6227,9922.0
9517,10006.0
6229,9985.0
6232,9985.0
6057,10044.0
6307,9998.0
9659,9922.0
9589,9922.0
8789,9840.0
7989,9890.0
9596,9981.0
6380,9922.0
6454,9985.0
6061,9971.0
6466,9985.0
6320,9963.0
6397,9998.0
9610,9746.0
6475,9985.0
6329,9817.0
6404,9801.0
8890,9998.0
8820,9931.0
8826,10020.0
6558,9810.0
6487,9995.0
6094,9985.0
7090,9891.0
8832,9931.0
6561,9985.0
6421,9985.0
6495,9746.0
9786,9985.0
7250,9985.0
8995,10024.0
6650,10006.0
6656,9985.0
9803,10024.0
6521,9789.0
9957,
9958,
7344,10020.0
8077,10008.0
6600,9922.0
8151,10044.0
8153,9989.0
7212,9981.0
9088,10001.0
9256,9872.0
8827,10044.0
9711,9789.0
8825,10020.0
9833,10041.0
9836,9922.0
8349,9922.0
9859,9769.0
9733,10020.0
7267,9998.0
8096,9998.0
9063,9985.0
6734,9985.0
8223,9931.0
8403,9985.0
8404,9985.0
9367,9906.0
8654,9922.0
7901,9985.0
8783,9838.0
9702,10006.0
9703,10020.0
6431,9985.0
8930,9985.0
9962,
7350,9942.0
8186,9953.0
7460,9960.0
9240,9883.0
9173,9985.0
9263,10012.0
9128,9906.0
6998,9931.0
7017,9985.0
9224,9922.0
9453,9985.0
9389,9810.0
6353,9779.0
7974,9942.0
9584,9922.0
8709,9931.0
7990,9810.0
9694,9985.0
9847,9769.0
9850,9981.0
9781,10006.0
9855,9953.0
7105,9947.0
6654,9953.0
9949,
7280,9975.0
6152,9985.0
7770,9985.0
8622,10020.0
9921,9985.0
9277,9922.0
9355,9746.0
9229,9922.0
9550,9985.0
9603,9922.0
9782,10008.0
9947,
9823,9985.0
9828,9922.0
8169,9981.0
7440,9746.0
6845,9827.0
8108,9890.0
6703,9985.0
8251,9962.0
9054,9931.0
8118,9985.0
9142,9985.0
9148,9922.0
7471,10036.0
7402,9832.0
7405,10046.0
8216,9931.0
6887,9803.0
7489,10036.0
6821,9981.0
6968,9747.0
8380,9810.0
7516,9985.0
7668,10000.0
6995,10046.0
8474,9985.0
8329,9985.0
6999,9985.0
9356,9922.0
7013,9981.0
7766,9931.0
8496,9822.0
9369,9906.0
8511,9804.0
6171,9931.0
9469,9985.0
6264,9746.0
9557,9985.0
9568,9922.0
8768,9938.0
9641,10045.0
7973,9791.0
7977,9775.0
6293,9957.0
6221,10044.0
9652,10046.0
8858,9985.0
8859,9953.0
8794,9810.0
6457,9852.0
6318,9985.0
6476,9953.0
9763,10046.0
9768,10044.0
7089,9985.0
9777,10046.0
8978,9981.0
6490,10006.0
8979,10044.0
7248,9953.0
6117,9985.0
6118,10006.0
6121,9985.0
7121,9915.0
9880,9992.0
7200,9985.0
6669,9922.0
7138,9985.0
9968,
6679,9922.0
9046,10044.0
9154,9985.0
8544,9985.0
7746,9985.0
6205,9985.0
8635,10024.0
8711,10020.0
8717,9943.0
7455,9922.0
8952,9981.0
6048,9746.0
8842,9886.0
7958,10020.0
6676,9922.0
7012,9931.0
7978,9922.0
8968,9922.0
9151,9931.0
9108,9840.0
7965,10026.0
8729,9985.0
8473,9953.0
8478,9922.0
7943,10020.0
6079,9985.0
9034,10044.0
6082,9985.0
9018,9985.0
7226,9887.0
9163,9985.0
6047,9852.0
6731,9922.0
8209,9931.0
8235,9985.0
8487,10020.0
7029,9922.0
8664,9981.0
9483,9998.0
6279,9992.0
7897,10027.0
7043,9906.0
8918,9746.0
6503,9922.0
9806,9800.0
9807,10020.0
6743,9985.0
6908,10020.0
8396,9962.0
6616,9985.0
6840,9908.0
8131,10026.0
9093,10003.0
7499,9898.0
7590,9780.0
8393,9765.0
7528,9985.0
6924,9985.0
7534,9985.0
7621,9985.0
9439,9985.0
7631,9985.0
8598,9982.0
6185,9985.0
6277,10044.0
6208,9809.0
6220,9998.0
6541,9922.0
6401,9985.0
6126,9906.0
8938,10006.0
6597,10044.0
6739,9953.0
8075,9985.0
6670,9931.0
6673,10036.0
6748,9922.0
6750,9922.0
9985,
9937,
9749,9931.0
6575,9953.0
9822,9922.0
8810,9985.0
7170,9931.0
9321,9985.0
8538,9922.0
6195,9960.0
9645,9852.0
7910,10008.0
6456,9789.0
7063,9838.0
6337,9985.0
6111,9931.0
6123,9931.0
9010,9922.0
6607,9985.0
8912,10029.0
8063,9898.0
7217,9922.0
7299,9931.0
9132,9985.0
8963,10026.0
6108,9922.0
8558,9922.0
8900,9985.0
6980,9866.0
9363,9922.0
9338,10045.0
9864,9985.0
9953,
9898,9942.0
6793,9985.0
9157,9985.0
6622,9906.0
8196,9985.0
6865,9783.0
8386,9998.0
9423,9828.0
6477,9922.0
7151,9780.0
6429,9746.0
8966,10020.0
8099,9922.0
7476,9953.0
8229,9746.0
9180,9985.0
8318,9746.0
7032,9906.0
8621,10020.0
6051,9942.0
6333,9963.0
6412,9838.0
6102,9922.0
8919,9746.0
6516,9779.0
8112,9891.0
7277,9922.0
6849,9985.0
9934,
8123,9906.0
8208,9985.0
7644,9985.0
9264,10004.0
7634,9922.0
7789,9985.0
8605,10020.0
9554,9985.0
8753,10020.0
9492,9924.0
9493,9985.0
7920,9985.0
8915,9840.0
9863,9959.0
8141,9789.0
9815,9985.0
9017,9953.0
8087,9848.0
6706,9985.0
7638,10022.0
8515,9985.0
6243,9931.0
7720,9963.0
8857,9906.0
9972,
7388,10006.0
9876,9962.0
7581,9852.0
8242,9985.0
9909,10020.0
8243,9985.0
8249,9809.0
7546,9985.0
6975,9922.0
6983,9922.0
7635,9922.0
7968,10020.0
7975,9942.0
7979,9964.0
8943,10008.0
9775,9922.0
8976,10044.0
7863,10035.0
8977,9985.0
9940,
8574,9985.0
9975,
6110,9746.0
9830,9962.0
9911,10020.0
6890,9838.0
9216,9985.0
9396,9985.0
7794,9985.0
9619,10024.0
8916,10031.0
9793,9985.0
9954,
8324,9838.0
7037,9906.0
9068,9953.0
7554,9922.0
8220,9922.0
7700,9985.0
7964,10020.0
7981,10040.0
7206,10001.0
9977,
9952,
9964,
8137,9998.0
8270,9922.0
8319,9985.0
7899,10046.0
7364,10020.0
8221,9985.0
9922,10006.0
9366,9922.0
8138,9771.0
9576,9992.0
8034,9998.0
8160,9889.0
7361,10020.0
7365,10020.0
7367,10020.0
7368,10020.0
9980,
9981,
9052,10023.0
8366,9922.0
9177,10036.0
8407,9922.0
8554,10031.0
8490,10020.0
8564,9922.0
9442,10004.0
8673,9985.0
8674,9985.0
8684,10026.0
8691,9752.0
8775,9931.0
8704,9866.0
6363,9796.0
6290,9990.0
6367,9985.0
6371,10035.0
6446,9922.0
6312,9922.0
9530,9985.0
9698,9942.0
8026,9961.0
8027,9852.0
9845,10020.0
8031,9922.0
7167,9922.0
8032,9981.0
8035,9930.0
8038,10001.0
8917,9947.0
6645,9852.0
8065,9779.0
9879,9953.0
9882,9931.0
8143,9922.0
9960,
8152,10044.0
6931,10035.0
6280,9922.0
9577,10027.0
9973,
6781,9922.0
9831,9922.0
9040,9985.0
9053,9838.0
7394,9779.0
6726,10035.0
8281,9985.0
7428,9985.0
8299,10020.0
8306,9922.0
9250,9747.0
8382,9810.0
6914,9746.0
9343,9840.0
8557,9929.0
6140,9922.0
8420,9852.0
7846,9922.0
8590,9985.0
7880,10034.0
9428,9985.0
9504,9985.0
8780,9922.0
8784,9981.0
8788,9840.0
6059,9746.0
7929,9931.0
9536,9931.0
8967,9985.0
8905,10027.0
6497,9998.0
6426,9793.0
6642,10020.0
6583,9783.0
9805,10044.0
9888,10020.0
9164,9981.0
7454,9922.0
6210,9833.0
7918,10028.0
7102,9960.0
6754,9985.0
9904,10040.0
9834,9779.0
9189,9985.0
8323,9931.0
8600,9953.0
7928,9985.0
8808,9953.0
9759,9994.0
9861,9963.0
9795,9985.0
9896,9884.0
9171,9931.0
9112,9985.0
9193,9985.0
9350,9985.0
7443,10044.0
7478,9985.0
7511,9922.0
7686,9985.0
7701,10044.0
7092,9948.0
6423,9789.0
8497,10040.0
8693,9833.0
7894,9922.0
6684,9985.0
6613,9852.0
6688,9998.0
6704,9985.0
6707,9844.0
7393,9779.0
6820,9985.0
7582,9916.0
6156,9953.0
8648,9981.0
9455,10044.0
6250,9922.0
6186,9985.0
7939,9931.0
6345,9985.0
7898,10045.0
6445,9985.0
8735,9971.0
8736,9931.0
8964,9746.0
9858,9998.0
9785,9922.0
6574,9985.0
6666,9898.0
6136,9838.0
8400,9858.0
9103,9922.0
6168,9985.0
7709,10044.0
9618,9985.0
9923,
9758,9922.0
6551,9985.0
6587,9909.0
7328,9922.0
7493,10006.0
6832,9998.0
9133,9931.0
7819,9854.0
7895,10024.0
7971,9791.0
9431,9922.0
9434,9922.0
7150,9938.0
9852,9922.0
6588,9755.0
9037,10045.0
8399,10024.0
6252,9985.0
6245,9998.0
8534,9985.0
9578,9937.0
9666,9942.0
9718,9985.0
7980,10041.0
9840,9985.0
9174,10044.0
6974,9936.0
9331,9985.0
9410,9788.0
8609,10020.0
8840,9985.0
8901,9981.0
9873,9985.0
9892,9922.0
9894,9922.0
7233,9933.0
6799,9981.0
7706,10044.0
6847,9922.0
8125,9998.0
8279,9802.0
7484,9980.0
9253,9922.0
6909,10041.0
8665,9922.0
9470,10020.0
9471,9931.0
9472,9953.0
9473,9985.0
8533,9985.0
6266,10006.0
9424,9998.0
9433,9922.0
7047,9922.0
6447,9922.0
6377,9985.0
6465,9922.0
9624,9981.0
6499,9971.0
9156,9985.0
7555,9998.0
9094,9922.0
6826,9985.0
9116,9985.0
9231,9985.0
9311,10024.0
9314,9933.0
8660,9981.0
7949,10020.0
6347,9922.0
8769,9922.0
6359,9931.0
8633,9836.0
8851,9755.0
9664,9942.0
9757,9922.0
6402,10020.0
8898,9998.0
7162,9981.0
7094,9972.0
7241,10026.0
6430,9746.0
9942,
9945,
9897,9884.0
6798,9985.0
9899,9922.0
9989,
7541,9923.0
7578,9985.0
7651,9981.0
9341,10006.0
7603,9789.0
7026,9962.0
8521,10026.0
7806,10006.0
6218,9922.0
7935,9994.0
9620,9985.0
9637,10025.0
6107,9953.0
9788,9947.0
9862,10020.0
9001,9937.0
7275,9942.0
6677,9985.0
6364,10020.0
6313,9953.0
7620,10020.0
9454,9890.0
9509,9922.0
7312,9922.0
8294,9981.0
8334,9832.0
9238,9838.0
6248,10046.0
6310,9990.0
8944,9922.0
6391,9906.0
9016,9931.0
6603,9985.0
6678,9922.0
7851,9985.0
8037,10012.0
9027,10044.0
8107,9922.0
6709,9817.0
7400,9948.0
8369,9985.0
6253,9998.0
6562,9985.0
6641,9998.0
6122,9985.0
8061,9890.0
6848,9931.0
7495,9922.0
7643,9981.0
7504,9998.0
7512,9985.0
7514,9985.0
7536,9985.0
8553,9789.0
8555,9922.0
7783,9853.0
8587,9802.0
7941,10020.0
6191,9756.0
7810,9922.0
7905,9922.0
8636,10040.0
7908,9922.0
9748,9942.0
8874,10026.0
7158,9810.0
6518,10044.0
8937,9985.0
6137,9981.0
9013,9922.0
9821,9922.0
9035,10044.0
7294,9851.0
9559,9963.0
8695,9953.0
8705,9985.0
9631,10025.0
8074,9852.0
9961,
9963,
6870,10020.0
7652,10037.0
8543,9953.0
8552,9953.0
7023,9820.0
9440,9985.0
9301,9985.0
9712,9963.0
9713,10008.0
6240,9998.0
6915,9985.0
8411,9985.0
9368,9906.0
7767,9802.0
7967,10026.0
8626,10020.0
7969,10020.0
7972,9791.0
6294,10035.0
7982,9957.0
9514,9931.0
7208,9985.0
9041,9870.0
6708,9884.0
9049,9985.0
9990,
7452,9985.0
9924,
6719,9998.0
9077,9998.0
9086,9985.0
8219,9933.0
6893,9931.0
9114,10008.0
8390,10006.0
9274,9981.0
7670,9782.0
9129,9985.0
9280,9922.0
8551,9962.0
8479,9985.0
7611,9985.0
7009,9985.0
9227,9838.0
8527,9933.0
8669,10040.0
9418,9985.0
8618,10020.0
9495,9953.0
8698,10012.0
6222,9985.0
9586,9890.0
8863,9810.0
9598,10026.0
8728,9985.0
8869,10021.0
9607,9985.0
9770,9890.0
8903,9985.0
7171,9981.0
7107,9947.0
9719,9953.0
6138,10006.0
9009,9985.0
7271,9985.0
9166,9985.0
8310,9953.0
9320,9922.0
8629,10040.0
7083,9948.0
9080,9985.0
9430,9990.0
9754,9963.0
9183,9985.0
7864,9985.0
6070,9985.0
7362,10044.0
8514,9922.0
9488,9963.0
8591,9998.0
6612,9922.0
9033,9819.0
9047,9922.0
6724,9985.0
9167,10008.0
7436,9981.0
7438,10035.0
8315,9768.0
7586,9747.0
7521,9922.0
7764,9953.0
7027,9962.0
8649,9985.0
7850,9985.0
8518,9985.0
8532,9980.0
8750,9922.0
6340,9785.0
8718,9942.0
9750,10040.0
6408,9931.0
6096,9985.0
6427,9963.0
6652,9890.0
9002,9922.0
6660,9985.0
6522,9922.0
9878,10020.0
6448,9985.0
7101,9957.0
9925,
6800,9985.0
7665,9962.0
8653,9985.0
6543,9810.0
9849,9746.0
6586,9953.0
8933,9953.0
6815,9922.0
6176,9985.0
9948,
6786,9981.0
6756,9922.0
9906,10006.0
9835,9930.0
6764,9783.0
9070,9953.0
8344,9747.0
7542,9953.0
6806,9931.0
6813,9898.0
8464,9985.0
9197,9981.0
9284,9922.0
9220,10044.0
8641,10045.0
7780,9814.0
8663,9807.0
8522,10006.0
7883,9807.0
9498,9833.0
8624,10020.0
9571,9947.0
7906,9985.0
7834,9922.0
7835,9922.0
7930,9998.0
8807,9922.0
8883,9803.0
7144,9985.0
7097,10038.0
6564,9985.0
6106,9985.0
6119,9985.0
9941,
6527,9985.0
6671,9985.0
6674,9922.0
6534,9998.0
7685,10024.0
7589,9826.0
8484,10020.0
6066,9985.0
6334,9985.0
9800,9946.0
9201,10044.0
7913,9985.0
8904,9985.0
7385,9985.0
9219,9922.0
7785,9924.0
8690,10026.0
7893,9985.0
6213,9985.0
6230,9981.0
6453,9953.0
6393,9953.0
6469,9922.0
6472,10006.0
8928,9985.0
6749,9957.0
7681,9838.0
8628,9944.0
8734,9838.0
9984,
8346,9922.0
9204,9922.0
9692,9922.0
8168,9985.0
9986,
6188,9985.0
9188,9985.0
8824,10020.0
7466,9953.0
6956,10037.0
7562,9762.0
7570,10040.0
9038,9931.0
7449,9942.0
8848,9992.0
7356,10020.0
8090,10020.0
8190,10035.0
9081,9985.0
9082,9985.0
9087,9985.0
8384,9949.0
8325,9891.0
9200,9963.0
7003,9947.0
6141,10044.0
6158,9985.0
6170,10044.0
9466,9931.0
7878,9890.0
7896,10001.0
7902,9842.0
9661,9922.0
8724,10044.0
9535,9906.0
6544,9985.0
6483,9953.0
9843,9961.0
6576,10044.0
9734,9809.0
8070,9847.0
8071,9939.0
8939,9879.0
7523,9838.0
7115,9922.0
6609,9985.0
6701,9746.0
7572,9985.0
7510,10036.0
6916,9890.0
9226,9931.0
7624,9805.0
7703,9925.0
9382,9985.0
6302,9998.0
9601,10020.0
9755,9922.0
7153,9780.0
7189,10006.0
9003,10040.0
8101,9968.0
9089,9985.0
8608,10020.0
9602,9922.0
8878,9922.0
9890,9986.0
8114,9878.0
9583,9881.0
6850,10036.0
6790,10045.0
7547,9922.0
9260,9985.0
6997,9778.0
6167,9953.0
9616,9985.0
8047,9994.0
6116,9981.0
9869,9922.0
8936,9746.0
9893,10024.0
6289,9953.0
7462,9962.0
6883,9985.0
9254,9746.0
9261,9922.0
9210,9922.0
9753,9802.0
9625,9819.0
9773,9832.0
8743,9922.0
7421,9963.0
9178,9842.0
8516,9922.0
9406,9972.0
8694,9755.0
9526,9838.0
8941,9872.0
9771,9998.0
6249,9985.0
8666,9985.0
9706,9963.0
7909,9985.0
8790,10044.0
7173,9982.0
9804,9873.0
9611,9931.0
8838,9942.0
6658,10036.0
8887,9780.0
7637,9998.0
9970,
9031,9931.0
7369,10020.0
7374,10026.0
9060,9985.0
6880,9985.0
9097,9985.0
9390,9923.0
8675,9998.0
8779,9832.0
9527,9931.0
8942,10027.0
9612,9985.0
8823,9985.0
9872,9985.0
9877,9985.0
9731,9922.0
8134,9942.0
9378,9931.0
8401,9858.0
8427,10024.0
9608,9985.0
6691,9931.0
6794,9998.0
6873,9985.0
6921,9985.0
9384,9963.0
8925,9985.0
9816,9922.0
7535,9922.0
6695,9898.0
9158,9985.0
9357,9994.0
9374,10006.0
9383,9842.0
9385,10036.0
8584,9822.0
7782,9967.0
7734,9922.0
9529,9985.0
9690,9953.0
8894,9922.0
8028,9852.0
8029,9838.0
8907,9922.0
6639,9922.0
7204,9922.0
7041,9907.0
9411,9788.0
6879,9963.0
6904,9985.0
6906,9985.0
8485,10020.0
7718,9985.0
7861,9985.0
9570,9947.0
9684,9985.0
9708,10009.0
7203,9964.0
7401,9810.0
9485,9985.0
6720,9761.0
7371,9980.0
8503,9832.0
9315,10020.0
9172,9985.0
9349,9985.0
9704,9985.0
9820,9980.0
7865,9869.0
6382,9992.0
6523,9961.0
8258,10042.0
8295,9931.0
6765,9922.0
9145,9931.0
8276,9985.0
8560,9933.0
8425,10024.0
9328,9998.0
9484,10006.0
6370,9985.0
6414,9953.0
6761,9985.0
9933,
7423,9985.0
8712,9838.0
8864,9810.0
8882,9985.0
7078,9985.0
8972,9985.0
7202,10008.0
7564,9953.0
9278,9933.0
7529,9753.0
9279,9931.0
6282,9963.0
7837,9789.0
6509,9960.0
7390,9779.0
7550,9998.0
8214,9933.0
8320,9959.0
8332,9922.0
7690,9962.0
9222,9994.0
7036,9861.0
8659,10006.0
7830,9985.0
7045,9910.0
6374,10041.0
6461,9998.0
6114,9931.0
8924,9906.0
8439,9797.0
7106,9985.0
8772,9998.0
7192,10020.0
7422,9900.0
8849,10020.0
6088,9998.0
6978,10031.0
7856,9931.0
7788,9907.0
9709,9985.0
6163,9922.0
7698,9985.0
6267,10006.0
7812,10006.0
8806,9838.0
6322,9990.0
6517,10006.0
8337,9771.0
6920,9933.0
9665,9942.0
6846,9985.0
8094,9890.0
8935,9985.0
7945,10020.0
6135,9985.0
7445,9746.0
8102,9985.0
9856,9985.0
7188,9985.0
7380,9981.0
8504,9832.0
8793,9882.0
9676,9777.0
8892,10046.0
6785,9913.0
8657,9994.0
9413,9746.0
6145,9857.0
7848,9985.0
7494,10031.0
6744,9985.0
8754,10020.0
7797,9959.0
6867,9933.0
8876,9747.0
6665,9998.0
7904,9985.0
9778,9747.0
8218,9922.0
9332,9922.0
9951,
8113,9891.0
7577,9962.0
9829,9981.0
9467,9985.0
8886,9922.0
8893,10046.0
9871,9931.0
9730,9898.0
8167,9746.0
7375,9779.0
8365,9902.0
8776,9953.0
9760,9985.0
8083,9963.0
9021,9985.0
8314,9985.0
7876,9985.0
7152,10020.0
7172,9900.0
6386,9997.0
7759,9985.0
7479,9963.0
6617,9981.0
9449,9985.0
6450,9922.0
6697,9922.0
8970,9922.0
8950,9985.0
9931,
9161,9884.0
9182,9985.0
9407,9998.0
8520,9832.0
8240,9985.0
8381,9810.0
7695,9922.0
7351,10020.0
7039,9913.0
6251,9985.0
6095,9861.0
7451,9922.0
6501,9819.0
6160,9953.0
9687,9802.0
7932,9985.0
6755,9990.0
8625,10020.0
7618,9985.0
8561,9985.0
6076,9981.0
8526,9922.0
9939,
8095,9922.0
8170,9963.0
6770,9922.0
7486,9906.0
8889,9922.0
9844,9953.0
7540,9852.0
6142,9922.0
8817,9905.0
7095,10019.0
6100,10006.0
7942,10020.0
8525,10025.0
8873,10026.0
6239,9985.0
6309,9985.0
7938,9861.0
8197,9985.0
9776,9765.0
9914,9931.0
7126,9746.0
8782,9922.0
6153,9922.0
9979,
6482,9998.0
8250,10026.0
8266,9922.0
7031,9838.0
9330,9985.0
9481,10006.0
7892,10041.0
8203,10041.0
9352,9931.0
8792,9872.0
9671,10004.0
9353,9985.0
8697,9972.0
9650,9981.0
9917,10044.0
6927,10028.0
7609,9985.0
9798,9922.0
9814,9985.0
9887,10020.0
6441,9832.0
9176,10020.0
6615,10044.0
8670,9798.0
6336,9985.0
7597,9971.0
7604,9882.0
9627,9962.0
7588,9966.0
7731,9962.0
7207,9960.0
8908,9922.0
9901,10024.0
9179,9789.0
9983,
8931,9985.0
9905,10020.0
9930,
9938,
7065,9985.0
9064,10009.0
9446,9998.0
9502,9933.0
7209,9985.0
6343,9985.0
8491,9985.0
8881,9998.0
9262,10044.0
7885,9931.0
7606,9838.0
6175,9981.0
9417,9922.0
9271,9832.0
7497,9992.0
8505,9746.0
8575,9981.0
6425,10001.0
6593,9985.0
8239,9963.0
6889,9922.0
6584,9746.0
7156,9985.0
6653,9985.0
8616,10020.0
6206,9766.0
8812,10044.0
7079,9963.0
6424,9985.0
9842,9985.0
8632,10040.0
8799,9906.0
7735,9931.0
8436,10020.0
8795,9981.0
9614,9819.0
9884,9985.0
9345,9985.0
8246,9779.0
7533,9985.0
8548,9931.0
9223,9985.0
9686,9922.0
8766,9922.0
6283,9981.0
8343,9922.0
8953,10026.0
8999,9922.0
8100,9981.0
8356,9953.0
8224,9794.0
8226,9922.0
7903,10027.0
6773,9922.0
8254,9985.0
7532,9922.0
7868,9998.0
8714,9985.0
7190,9922.0
8549,10040.0
7832,9959.0
9609,9829.0
9065,9998.0
8195,9985.0
8290,9922.0
9919,9985.0
7707,9985.0
7853,9832.0
9534,9821.0
7553,9783.0
7600,9964.0
9358,9922.0
6398,9864.0
8984,9942.0
6349,9922.0
6964,9953.0
7940,10020.0
8617,10020.0
6098,9994.0
9562,9931.0
8322,9985.0
8488,10020.0
6491,9858.0
8283,9985.0
6436,9985.0
8371,9913.0
7614,9839.0
6795,9931.0
8730,9922.0
8852,9838.0
8577,9942.0
8230,9953.0
6831,9906.0
9257,9922.0
9441,9872.0
9839,9922.0
9889,10020.0
9372,9884.0
9020,9960.0
6860,9985.0
6259,9998.0
7465,10045.0
8389,9922.0
8595,9985.0
7183,10036.0
8973,9981.0
7661,9810.0
7675,9747.0
7019,10008.0
6853,9985.0
6433,10020.0
6741,9922.0
6783,9931.0
8285,9985.0
7525,10036.0
7193,9981.0
7199,9957.0
7543,9933.0
8236,9866.0
7613,9886.0
6072,9882.0
9613,10046.0
8814,9953.0
6428,9852.0
7110,10035.0
6598,9931.0
7710,9985.0
9521,10020.0
9165,9985.0
7363,10019.0
6228,10044.0
7213,9985.0
7937,9922.0
6147,9922.0
8797,9824.0
9248,9985.0
8231,9802.0
7558,9985.0
7137,9922.0
7408,9821.0
9190,10044.0
7077,9985.0
8962,9746.0
9066,9985.0
7472,10035.0
9886,9985.0
9796,10025.0
9811,9789.0
8296,9922.0
9531,9985.0
6637,9985.0
6602,9953.0
6768,9832.0
6769,9985.0
6797,9985.0
8272,9922.0
8273,9922.0
8480,9922.0
6284,9987.0
7911,9985.0
6303,10002.0
9675,9832.0
7155,9985.0
6711,10006.0
6721,10036.0
6737,9985.0
9155,9791.0
6901,9985.0
8542,9833.0
6934,10035.0
8596,9746.0
8744,9985.0
6236,9808.0
8804,10038.0
6092,9985.0
6565,9985.0
6129,9985.0
6606,9931.0
7001,9985.0
6657,9985.0
8211,9985.0
6159,9985.0
8248,9985.0
6742,9852.0
9042,9985.0
7006,9985.0
8853,9985.0
8862,9922.0
9525,9998.0
9681,9789.0
7011,10036.0
6680,9985.0
8647,10006.0
7483,9985.0
7889,9791.0
9696,9902.0
7177,10012.0
8815,9994.0
7475,9981.0
6808,9985.0
7024,10006.0
7714,9931.0
8615,10020.0
9581,10027.0
6231,9985.0
8166,9922.0
6926,9953.0
6751,9889.0
8870,9843.0
8397,9933.0
7888,9780.0
7160,9922.0
7220,9747.0
8601,9985.0
9244,10022.0
9683,9922.0
6440,9981.0
8260,9931.0
9170,9948.0
9267,9985.0
7354,10024.0
6903,9963.0
6258,10020.0
9333,9924.0
9344,10046.0
9419,9936.0
6682,9773.0
9458,10046.0
8671,9900.0
9927,
6862,9922.0
8658,9890.0
7916,9963.0
9761,9985.0
8140,9922.0
8602,9941.0
9944,
6892,9922.0
9943,
7587,9906.0
7917,9998.0
6705,9957.0
7399,9948.0
7403,9985.0
6735,9747.0
9556,9887.0
9023,9922.0
9640,9922.0
9361,9842.0
9342,9985.0
9926,
6618,9922.0
8274,9992.0
6828,9783.0
6835,9985.0
9251,10020.0
9255,9953.0
8316,9985.0
9259,9985.0
7669,9980.0
7016,9931.0
7691,9922.0
8523,9922.0
7891,9897.0
9660,9922.0
8860,9922.0
9532,9985.0
9680,10020.0
7154,10020.0
7157,9931.0
6640,9981.0
9867,9931.0
7181,9985.0
7184,9922.0
9726,9783.0
8926,9985.0
6662,10006.0
6683,9931.0
6690,9922.0
9915,9843.0
6699,10045.0
7549,9985.0
7425,9831.0
6898,9962.0
9175,10044.0
7592,9953.0
9205,9922.0
9351,10012.0
7757,9810.0
9360,9747.0
6181,9985.0
7947,10020.0
7803,9833.0
8623,10020.0
7826,9922.0
8781,9903.0
9817,10020.0
9322,10020.0
6923,9985.0
9124,9769.0
7724,9998.0
9787,9931.0
7567,9985.0
8630,9930.0
9634,10025.0
6854,9953.0
8293,9781.0
8338,9771.0
7559,9922.0
6814,9922.0
7459,9922.0
6723,9833.0
6729,9985.0
7573,9833.0
9691,9985.0
9316,9852.0
9705,9985.0
9561,9922.0
9334,9931.0
9416,10035.0
6596,9985.0
7146,9981.0
6599,9985.0
9497,9931.0
6745,10046.0
8265,9890.0
7854,9922.0
8483,9985.0
9392,9922.0
9327,9981.0
9391,10006.0
7809,9922.0
6437,9838.0
7028,9922.0
8822,9885.0
7571,9953.0
7005,10031.0
6913,9914.0
7925,9810.0
8631,10040.0
6696,10044.0
9929,
8078,10026.0
6788,9985.0
9857,9985.0
6621,9922.0
6681,10008.0
9336,10046.0
6771,9904.0
8969,10036.0
9096,9985.0
9511,10037.0
6169,9998.0
6178,9998.0
8994,9953.0
6694,9985.0
9524,10006.0
6829,9942.0
7954,10020.0
8872,10024.0
7753,9838.0
9246,9789.0
9281,9746.0
9572,9961.0
7890,9906.0
7869,10008.0
9920,9985.0
8816,9985.0
9482,9922.0
6796,9985.0
8934,9963.0
6928,10028.0
7509,9962.0
7020,10044.0
6718,9985.0
9412,9840.0
6911,10006.0
9420,9985.0
7594,9858.0
9818,10006.0
6830,9994.0
9648,9981.0
7469,9922.0
7763,9985.0
8262,9998.0
9272,9923.0
9276,10013.0
9801,9922.0
9211,9922.0
9104,9922.0
9670,9874.0
7178,10012.0
9642,9961.0
9881,9922.0
6611,9906.0
8252,9962.0
8256,9985.0
9241,9985.0
7014,9852.0
9415,9746.0
6350,9890.0
7944,10020.0
8297,10006.0
8662,9985.0
9275,9963.0
6435,9985.0
6907,9985.0
9452,9922.0
7355,9821.0
6917,10036.0
6265,9922.0
8850,9755.0
6866,9906.0
6623,9955.0
7859,9933.0
6646,9750.0
6740,9890.0
8253,9931.0
6802,9922.0
9268,9981.0
6859,9922.0
9376,9810.0
6177,9810.0
6569,9746.0
7109,9872.0
6882,9985.0
9375,9810.0
9499,9998.0
9162,9985.0
6172,9981.0
9329,9953.0
7748,9822.0
9203,9922.0
9354,9992.0
7871,9985.0
6478,9832.0
6173,9922.0
8519,10020.0
7881,9790.0
8348,10024.0
9123,9985.0
8257,9922.0
8347,9746.0
6663,10006.0
7473,9910.0
7907,10008.0
6443,10026.0
8582,9985.0
6630,9898.0
9695,10008.0
8477,9933.0
9362,9922.0
6166,9981.0
9421,9922.0
7882,9922.0
6325,9838.0
9569,9985.0
8237,9953.0
8742,9985.0
8884,9922.0
9646,10027.0
8948,9931.0
