userId,gender,age
0,0,0
1,1,6
2,1,2
3,1,4
4,1,2
5,0,5
6,1,3
7,1,2
8,1,2
9,0,3
10,0,2
11,1,2
12,1,4
13,1,3
14,1,2
15,0,3
16,1,5
17,0,1
18,1,0
19,1,2
20,1,1
21,1,1
22,1,3
23,0,2
24,1,1
25,1,2
26,1,2
27,0,2
28,1,3
29,0,3
30,1,6
31,0,2
32,1,4
33,0,1
34,1,4
35,1,2
36,0,2
37,0,1
38,1,1
39,1,4
40,0,1
41,1,2
42,1,2
43,1,4
44,0,4
45,1,1
46,1,1
47,1,2
48,1,1
49,0,2
50,0,0
51,1,1
52,1,2
53,1,5
54,0,3
55,1,3
56,1,1
57,1,2
58,0,5
59,1,5
60,1,2
61,0,3
62,1,1
63,1,1
64,1,3
65,1,2
66,0,5
67,1,1
68,0,2
69,1,1
70,1,2
71,0,4
72,1,1
73,1,3
74,0,0
75,1,3
76,1,1
77,0,4
78,0,4
79,1,6
80,0,2
81,1,2
82,0,2
83,1,1
84,1,1
85,0,0
86,1,2
87,0,4
88,0,6
89,1,6
90,1,3
91,0,1
92,1,2
93,1,2
94,1,4
95,0,2
96,0,3
97,0,3
98,0,0
99,1,3
100,0,1
101,1,3
102,1,4
103,1,2
104,1,4
105,0,3
106,1,4
107,1,2
108,1,4
109,1,2
110,1,3
111,1,2
112,1,1
113,0,2
114,1,2
115,1,2
116,1,2
117,1,3
118,0,0
119,1,2
120,1,3
121,0,1
122,1,3
123,1,6
124,1,4
125,1,1
126,0,4
127,1,6
128,1,2
129,1,3
130,1,1
131,1,2
132,0,2
133,1,2
134,1,1
135,1,1
136,0,4
137,1,1
138,0,2
139,0,3
140,1,3
141,1,2
142,1,1
143,1,2
144,1,1
145,0,3
146,1,1
147,1,5
148,1,2
149,1,3
150,0,2
151,1,1
152,1,0
153,1,5
154,1,3
155,0,4
156,1,3
157,1,6
158,0,4
159,1,3
160,1,4
161,0,1
162,1,1
163,0,6
164,1,1
165,1,1
166,0,2
167,0,5
168,1,2
169,1,2
170,0,5
171,1,2
172,1,2
173,1,2
174,0,2
175,0,1
176,1,5
177,1,6
178,1,2
179,1,4
180,1,1
181,1,1
182,0,4
183,0,2
184,1,4
185,1,1
186,0,4
187,1,6
188,1,1
189,1,2
190,1,1
191,1,1
192,0,4
193,0,0
194,1,2
195,0,3
196,1,1
197,1,2
198,1,1
199,0,1
200,0,3
201,1,1
202,0,1
203,1,2
204,1,3
205,1,2
206,1,2
207,1,3
208,1,3
209,0,0
210,1,4
211,1,2
212,0,1
213,1,1
214,1,3
215,1,4
216,1,1
217,1,3
218,0,2
219,1,2
220,0,2
221,1,2
222,1,2
223,0,1
224,1,2
225,1,3
226,1,3
227,1,2
228,1,1
229,1,4
230,1,2
231,1,2
232,0,4
233,1,3
234,1,2
235,1,2
236,1,2
237,0,5
238,1,1
239,1,5
240,1,3
241,0,1
242,1,2
243,1,5
244,1,3
245,0,1
246,1,2
247,1,1
248,0,1
249,1,3
250,1,6
251,1,2
252,0,2
253,1,3
254,1,3
255,1,4
256,1,1
257,1,2
258,1,2
259,1,1
260,1,2
261,0,2
262,0,2
263,1,3
264,0,3
265,1,3
266,1,4
267,0,1
268,1,2
269,1,5
270,1,1
271,1,1
272,1,1
273,1,1
274,1,2
275,1,4
276,0,3
277,1,4
278,1,2
279,1,5
280,0,3
281,1,2
282,1,2
283,1,2
284,0,3
285,1,2
286,1,5
287,0,2
288,0,2
289,0,2
290,1,3
291,1,3
292,1,6
293,0,4
294,1,1
295,1,5
296,1,1
297,0,1
298,1,2
299,1,2
300,1,1
301,1,1
302,1,2
303,1,2
304,0,1
305,1,1
306,1,5
307,1,2
308,1,2
309,0,1
310,1,1
311,0,5
312,0,1
313,0,6
314,0,6
315,1,6
316,1,3
317,0,6
318,0,5
319,1,3
320,1,1
321,1,6
322,1,4
323,1,3
324,0,5
325,1,5
326,1,3
327,1,3
328,1,3
329,1,6
330,1,2
331,1,5
332,1,3
333,0,6
334,1,3
335,1,1
336,1,1
337,1,3
338,1,5
339,0,2
340,0,6
341,1,1
342,0,3
343,1,3
344,1,2
345,0,2
346,0,6
347,1,5
348,1,0
349,1,4
350,1,1
351,1,1
352,0,3
353,1,3
354,1,1
355,1,6
356,1,1
357,0,6
358,1,2
359,1,3
360,0,2
361,1,3
362,1,1
363,0,3
364,0,1
365,1,5
366,1,5
367,1,2
368,1,3
369,1,1
370,1,1
371,0,1
372,0,2
373,0,3
374,1,2
375,1,3
376,1,2
377,0,1
378,0,3
379,1,2
380,1,3
381,0,3
382,0,2
383,1,2
384,1,2
385,1,2
386,0,3
387,0,2
388,1,2
389,1,2
390,1,4
391,1,1
392,1,3
393,1,1
394,1,1
395,1,2
396,1,3
397,1,2
398,0,3
399,0,1
400,1,1
401,1,2
402,1,1
403,1,1
404,1,6
405,1,2
406,1,1
407,1,2
408,1,1
409,0,2
410,0,4
411,1,3
412,1,2
413,1,2
414,0,3
415,1,4
416,0,2
417,0,2
418,1,1
419,1,3
420,0,4
421,1,6
422,1,1
423,1,2
424,1,2
425,1,1
426,1,3
427,0,1
428,1,1
429,0,1
430,1,1
431,1,4
432,1,5
433,0,4
434,1,2
435,1,1
436,1,3
437,1,1
438,1,3
439,1,6
440,1,3
441,1,2
442,1,2
443,1,6
444,1,4
445,0,5
446,0,4
447,1,2
448,1,2
449,1,4
450,1,6
451,1,5
452,1,1
453,1,2
454,0,3
455,1,3
456,1,1
457,1,5
458,0,1
459,1,4
460,1,5
461,1,1
462,1,2
463,0,1
464,1,1
465,1,2
466,0,3
467,0,0
468,1,3
469,0,0
470,1,3
471,1,3
472,0,1
473,1,2
474,0,2
475,1,3
476,1,3
477,1,5
478,1,2
479,0,1
480,1,4
481,1,2
482,1,1
483,0,0
484,1,6
485,1,6
486,0,3
487,1,2
488,1,1
489,1,0
490,1,1
491,1,2
492,1,5
493,0,3
494,1,1
495,1,1
496,0,2
497,1,3
498,0,2
499,0,1
500,1,2
501,1,3
502,1,3
503,1,2
504,1,3
505,1,2
506,0,2
507,1,2
508,1,2
509,1,1
510,0,4
511,1,3
512,1,2
513,1,2
514,1,2
515,0,6
516,0,2
517,0,3
518,0,3
519,0,3
520,1,6
521,1,2
522,1,5
523,1,1
524,1,3
525,1,4
526,0,2
527,0,1
528,1,3
529,1,2
530,0,1
531,1,2
532,1,2
533,1,2
534,1,3
535,1,2
536,1,4
537,1,6
538,1,2
539,1,1
540,0,1
541,1,1
542,1,2
543,1,3
544,1,3
545,0,2
546,1,3
547,0,3
548,1,2
549,1,4
550,1,3
551,1,5
552,1,2
553,1,2
554,1,1
555,0,2
556,1,6
557,1,3
558,0,2
559,1,4
560,0,1
561,1,3
562,1,2
563,1,4
564,1,2
565,1,2
566,1,3
567,0,5
568,0,1
569,1,2
570,1,5
571,1,1
572,0,3
573,1,2
574,1,2
575,0,4
576,1,3
577,1,1
578,1,2
579,1,0
580,1,5
581,1,1
582,0,2
583,0,2
584,1,1
585,1,3
586,1,2
587,0,2
588,1,1
589,0,3
590,1,2
591,1,1
592,0,5
593,0,6
594,1,2
595,0,2
596,1,3
597,1,3
598,1,5
599,1,3
600,0,1
601,0,6
602,0,2
603,1,4
604,0,1
605,0,0
606,1,2
607,1,1
608,1,2
609,1,2
610,1,3
611,1,5
612,1,3
613,1,3
614,1,5
615,1,2
616,0,2
617,1,2
618,0,1
619,1,1
620,1,1
621,1,2
622,1,2
623,1,2
624,0,3
625,1,1
626,1,5
627,0,3
628,0,0
629,0,3
630,1,3
631,1,4
632,1,2
633,0,0
634,1,6
635,1,1
636,1,3
637,1,2
638,1,4
639,1,1
640,0,3
641,0,3
642,1,2
643,1,2
644,1,3
645,1,3
646,1,3
647,0,2
648,1,2
649,1,2
650,1,3
651,1,1
652,1,6
653,1,5
654,0,2
655,0,4
656,0,5
657,0,2
658,0,2
659,1,4
660,1,4
661,1,1
662,0,2
663,1,3
664,1,1
665,0,1
666,1,2
667,0,2
668,1,2
669,1,2
670,1,1
671,1,3
672,1,2
673,1,2
674,1,2
675,1,1
676,1,5
677,1,2
678,1,3
679,1,2
680,1,3
681,1,2
682,1,2
683,1,2
684,1,2
685,1,1
686,0,2
687,1,6
688,0,5
689,1,2
690,1,3
691,0,2
692,1,3
693,1,1
694,0,1
695,1,2
696,0,5
697,1,1
698,1,1
699,1,5
700,0,1
701,1,3
702,0,6
703,0,3
704,1,2
705,1,3
706,1,3
707,1,2
708,1,1
709,1,2
710,1,2
711,1,2
712,1,3
713,1,1
714,1,1
715,1,1
716,1,2
717,1,1
718,1,0
719,1,1
720,0,3
721,1,2
722,1,2
723,1,5
724,1,6
725,0,2
726,1,3
727,1,2
728,1,3
729,1,2
730,1,4
731,1,2
732,1,3
733,1,2
734,1,2
735,1,1
736,1,0
737,1,1
738,1,3
739,1,2
740,1,2
741,1,1
742,0,0
743,1,2
744,1,0
745,0,1
746,1,1
747,1,2
748,1,3
749,0,3
750,0,2
751,0,2
752,1,0
753,1,3
754,0,3
755,1,3
756,1,2
757,1,3
758,0,6
759,1,6
760,1,1
761,1,0
762,1,1
763,1,1
764,1,2
765,0,2
766,1,2
767,1,2
768,1,4
769,1,1
770,0,5
771,1,1
772,1,2
773,1,1
774,1,0
775,0,2
776,1,1
777,1,1
778,1,2
779,1,2
780,1,1
781,1,6
782,1,2
783,1,1
784,1,1
785,1,2
786,1,1
787,1,2
788,1,1
789,1,2
790,1,3
791,1,2
792,0,3
793,1,5
794,0,3
795,1,5
796,0,5
797,0,2
798,0,2
799,0,3
800,0,2
801,1,2
802,1,1
803,1,2
804,1,3
805,1,3
806,1,1
807,1,2
808,1,2
809,1,2
810,1,5
811,1,2
812,1,1
813,0,1
814,1,2
815,1,4
816,1,1
817,1,1
818,1,3
819,1,3
820,1,1
821,0,2
822,1,2
823,1,3
824,1,6
825,0,3
826,1,4
827,1,1
828,1,0
829,1,3
830,0,4
831,1,1
832,1,3
833,0,3
834,1,6
835,1,2
836,1,6
837,1,5
838,1,2
839,0,2
840,0,5
841,0,1
842,1,2
843,1,2
844,0,1
845,1,2
846,0,2
847,1,2
848,1,2
849,1,3
850,1,1
851,1,2
852,1,2
853,0,2
854,0,1
855,0,4
856,1,3
857,1,3
858,1,2
859,1,1
860,1,2
861,1,3
862,1,2
863,0,2
864,1,3
865,1,0
866,1,4
867,1,5
868,1,1
869,0,2
870,1,0
871,1,5
872,1,6
873,1,4
874,1,0
875,1,2
876,1,2
877,1,1
878,1,4
879,1,3
880,1,1
881,1,1
882,0,3
883,1,0
884,1,3
885,0,6
886,0,6
887,0,0
888,1,4
889,1,1
890,1,2
891,1,3
892,0,5
893,1,1
894,1,5
895,1,1
896,1,2
897,1,2
898,0,2
899,0,6
900,0,6
901,1,6
902,1,6
903,1,3
904,0,4
905,1,0
906,0,4
907,0,5
908,1,4
909,0,5
910,1,5
911,0,3
912,1,2
913,0,3
914,1,2
915,0,2
916,1,5
917,0,4
918,0,3
919,1,1
920,1,2
921,1,6
922,1,2
923,1,5
924,0,3
925,1,0
926,0,2
927,0,6
928,1,2
929,1,2
930,0,6
931,0,3
932,1,4
933,0,3
934,1,3
935,1,1
936,1,2
937,0,2
938,0,2
939,1,0
940,1,1
941,0,5
942,0,4
943,1,3
944,1,4
945,1,3
946,1,1
947,1,6
948,1,5
949,1,3
950,1,4
951,1,6
952,1,5
953,0,2
954,0,5
955,1,3
956,1,3
957,1,3
958,1,5
959,1,0
960,1,1
961,0,2
962,1,2
963,1,2
964,1,6
965,1,6
966,0,1
967,1,5
968,0,2
969,1,2
970,1,2
971,1,4
972,0,2
973,1,3
974,1,3
975,1,3
976,1,2
977,1,1
978,1,0
979,1,2
980,1,2
981,0,2
982,0,2
983,1,5
984,1,2
985,0,6
986,0,3
987,1,5
988,1,5
989,1,1
990,0,2
991,0,3
992,1,2
993,1,1
994,0,1
995,1,2
996,1,0
997,1,4
998,1,2
999,0,2
1000,1,2
1001,1,5
1002,1,2
1003,1,2
1004,1,3
1005,1,1
1006,1,5
1007,1,3
1008,1,5
1009,1,2
1010,1,2
1011,0,3
1012,1,6
1013,0,4
1014,1,3
1015,1,6
1016,1,3
1017,1,1
1018,1,3
1019,1,1
1020,1,3
1021,1,2
1022,1,6
1023,0,3
1024,1,2
1025,0,4
1026,1,1
1027,0,4
1028,1,2
1029,1,2
1030,1,3
1031,1,5
1032,1,2
1033,0,3
1034,1,1
1035,1,3
1036,1,4
1037,0,6
1038,0,3
1039,1,2
1040,1,4
1041,1,3
1042,0,5
1043,1,2
1044,0,0
1045,1,6
1046,1,1
1047,1,3
1048,1,4
1049,1,2
1050,0,2
1051,0,3
1052,1,3
1053,1,0
1054,1,3
1055,1,0
1056,1,4
1057,1,2
1058,0,2
1059,1,1
1060,1,4
1061,1,5
1062,1,3
1063,1,2
1064,0,2
1065,1,4
1066,1,3
1067,0,1
1068,1,2
1069,0,4
1070,1,5
1071,0,3
1072,0,2
1073,1,4
1074,0,2
1075,0,2
1076,1,2
1077,0,4
1078,1,2
1079,1,6
1080,1,1
1081,1,4
1082,1,6
1083,1,0
1084,1,2
1085,1,1
1086,1,2
1087,0,0
1088,1,3
1089,1,2
1090,1,1
1091,0,1
1092,1,5
1093,0,1
1094,0,6
1095,1,0
1096,1,1
1097,1,3
1098,1,2
1099,1,2
1100,1,3
1101,1,1
1102,0,4
1103,1,3
1104,1,3
1105,1,1
1106,0,5
1107,1,6
1108,1,1
1109,0,6
1110,0,5
1111,1,1
1112,1,1
1113,0,1
1114,0,2
1115,1,2
1116,1,1
1117,1,5
1118,1,3
1119,1,1
1120,1,6
1121,1,6
1122,1,5
1123,1,2
1124,0,1
1125,1,6
1126,1,2
1127,1,2
1128,1,3
1129,1,1
1130,1,6
1131,1,1
1132,1,1
1133,1,1
1134,1,5
1135,0,3
1136,1,1
1137,1,1
1138,1,2
1139,0,4
1140,0,2
1141,1,1
1142,1,5
1143,1,2
1144,1,5
1145,0,1
1146,1,2
1147,1,3
1148,1,2
1149,0,2
1150,1,2
1151,1,1
1152,1,1
1153,0,0
1154,1,2
1155,0,5
1156,1,4
1157,0,3
1158,1,1
1159,1,1
1160,1,2
1161,0,3
1162,1,0
1163,0,2
1164,1,2
1165,1,6
1166,0,5
1167,0,2
1168,1,2
1169,1,6
1170,1,4
1171,0,2
1172,0,2
1173,0,1
1174,0,2
1175,1,6
1176,0,2
1177,1,6
1178,1,5
1179,0,5
1180,1,3
1181,1,0
1182,1,3
1183,0,2
1184,0,3
1185,1,1
1186,0,0
1187,1,4
1188,1,2
1189,1,4
1190,0,3
1191,1,5
1192,1,2
1193,0,2
1194,0,0
1195,0,1
1196,1,3
1197,1,0
1198,1,5
1199,1,0
1200,1,1
1201,1,3
1202,0,2
1203,1,2
1204,0,6
1205,0,5
1206,1,5
1207,1,2
1208,1,3
1209,1,2
1210,1,1
1211,0,5
1212,1,5
1213,1,6
1214,1,3
1215,1,2
1216,1,2
1217,1,6
1218,1,2
1219,1,0
1220,1,1
1221,1,3
1222,1,2
1223,1,5
1224,1,4
1225,1,1
1226,1,5
1227,1,2
1228,0,2
1229,1,2
1230,1,2
1231,0,1
1232,0,4
1233,1,1
1234,0,2
1235,0,2
1236,1,1
1237,0,3
1238,0,2
1239,0,1
1240,1,0
1241,0,3
1242,1,3
1243,1,2
1244,1,2
1245,1,1
1246,1,3
1247,0,3
1248,1,3
1249,1,5
1250,1,2
1251,1,6
1252,0,3
1253,0,1
1254,1,2
1255,1,2
1256,0,1
1257,1,4
1258,1,3
1259,1,2
1260,1,1
1261,1,2
1262,1,0
1263,1,2
1264,0,1
1265,1,2
1266,1,2
1267,1,5
1268,0,6
1269,1,2
1270,0,4
1271,1,1
1272,1,3
1273,1,4
1274,1,5
1275,1,3
1276,0,1
1277,1,1
1278,1,3
1279,1,0
1280,1,2
1281,1,5
1282,0,1
1283,1,4
1284,1,3
1285,1,3
1286,0,5
1287,0,3
1288,1,4
1289,1,3
1290,0,3
1291,1,2
1292,1,2
1293,0,5
1294,0,3
1295,1,0
1296,1,2
1297,1,3
1298,1,2
1299,1,0
1300,0,2
1301,1,1
1302,1,2
1303,1,2
1304,1,4
1305,1,2
1306,1,6
1307,1,0
1308,1,2
1309,1,4
1310,1,1
1311,1,2
1312,1,1
1313,0,1
1314,1,3
1315,1,5
1316,1,4
1317,1,1
1318,0,2
1319,1,2
1320,0,2
1321,1,6
1322,0,3
1323,1,3
1324,1,2
1325,0,2
1326,1,0
1327,1,3
1328,1,1
1329,1,6
1330,1,4
1331,1,2
1332,1,2
1333,1,5
1334,1,3
1335,0,5
1336,1,6
1337,1,2
1338,1,3
1339,1,2
1340,1,1
1341,1,3
1342,1,3
1343,0,2
1344,0,2
1345,1,3
1346,0,1
1347,0,0
1348,1,5
1349,0,3
1350,0,2
1351,1,3
1352,1,0
1353,0,2
1354,0,4
1355,0,1
1356,1,4
1357,1,3
1358,1,3
1359,1,2
1360,0,2
1361,1,3
1362,1,5
1363,0,4
1364,0,0
1365,1,0
1366,1,2
1367,0,2
1368,1,2
1369,1,3
1370,0,5
1371,1,0
1372,0,2
1373,1,5
1374,0,4
1375,0,4
1376,1,3
1377,0,4
1378,0,6
1379,1,0
1380,1,1
1381,0,4
1382,0,2
1383,1,1
1384,0,2
1385,0,2
1386,0,5
1387,1,6
1388,1,2
1389,1,3
1390,1,3
1391,1,4
1392,1,1
1393,0,2
1394,1,2
1395,0,2
1396,1,3
1397,0,6
1398,1,1
1399,1,2
1400,0,1
1401,1,1
1402,0,2
1403,1,5
1404,1,6
1405,1,2
1406,0,3
1407,1,2
1408,1,1
1409,1,5
1410,1,3
1411,1,2
1412,1,1
1413,1,1
1414,1,4
1415,1,2
1416,1,3
1417,1,1
1418,0,2
1419,1,1
1420,0,0
1421,1,3
1422,1,2
1423,1,3
1424,1,0
1425,1,1
1426,1,2
1427,0,4
1428,0,3
1429,1,1
1430,1,6
1431,1,3
1432,0,1
1433,0,0
1434,1,2
1435,0,5
1436,1,5
1437,1,1
1438,1,3
1439,1,3
1440,1,3
1441,1,1
1442,1,3
1443,0,2
1444,1,2
1445,1,3
1446,1,1
1447,0,2
1448,1,3
1449,1,1
1450,1,3
1451,0,6
1452,1,2
1453,1,1
1454,0,4
1455,1,2
1456,1,2
1457,1,0
1458,0,2
1459,0,1
1460,0,4
1461,1,3
1462,1,5
1463,1,3
1464,1,5
1465,1,1
1466,1,2
1467,1,0
1468,1,6
1469,1,1
1470,1,2
1471,1,2
1472,1,2
1473,1,2
1474,0,2
1475,0,1
1476,0,4
1477,1,0
1478,0,5
1479,1,2
1480,1,3
1481,1,2
1482,1,1
1483,1,2
1484,0,2
1485,1,2
1486,1,3
1487,1,2
1488,0,3
1489,1,5
1490,1,1
1491,1,2
1492,0,2
1493,1,2
1494,1,1
1495,1,2
1496,1,5
1497,1,1
1498,1,0
1499,1,2
1500,1,2
1501,1,1
1502,1,2
1503,1,1
1504,1,5
1505,1,2
1506,1,3
1507,0,0
1508,1,0
1509,0,2
1510,1,3
1511,1,2
1512,0,3
1513,1,1
1514,1,2
1515,0,2
1516,1,1
1517,1,2
1518,1,1
1519,1,2
1520,0,2
1521,1,3
1522,1,2
1523,1,1
1524,0,2
1525,1,6
1526,1,1
1527,1,2
1528,1,1
1529,1,2
1530,1,4
1531,1,1
1532,1,4
1533,1,5
1534,0,1
1535,0,3
1536,1,1
1537,1,2
1538,1,2
1539,1,4
1540,1,6
1541,1,1
1542,1,2
1543,1,2
1544,1,2
1545,1,2
1546,1,6
1547,1,3
1548,1,3
1549,1,1
1550,1,2
1551,1,4
1552,0,2
1553,0,3
1554,0,1
1555,1,1
1556,0,1
1557,1,1
1558,1,3
1559,0,2
1560,0,1
1561,1,1
1562,0,0
1563,1,5
1564,1,4
1565,1,3
1566,1,2
1567,0,0
1568,0,6
1569,1,1
1570,1,2
1571,0,2
1572,1,0
1573,1,2
1574,0,5
1575,0,4
1576,1,6
1577,1,1
1578,1,2
1579,0,1
1580,0,1
1581,1,1
1582,1,3
1583,1,2
1584,1,6
1585,1,4
1586,0,2
1587,1,2
1588,1,2
1589,1,3
1590,1,5
1591,1,3
1592,1,2
1593,0,3
1594,1,3
1595,0,1
1596,1,2
1597,1,3
1598,1,2
1599,1,3
1600,1,2
1601,0,2
1602,0,2
1603,1,2
1604,0,1
1605,0,3
1606,1,4
1607,1,2
1608,0,3
1609,1,2
1610,1,2
1611,1,2
1612,1,1
1613,1,3
1614,0,4
1615,1,2
1616,1,2
1617,1,5
1618,1,5
1619,1,2
1620,1,2
1621,1,1
1622,1,5
1623,1,2
1624,1,4
1625,1,1
1626,1,1
1627,1,1
1628,1,1
1629,1,4
1630,0,5
1631,1,2
1632,0,4
1633,0,6
1634,1,2
1635,0,2
1636,1,6
1637,0,1
1638,1,2
1639,1,3
1640,1,2
1641,1,5
1642,1,4
1643,1,1
1644,0,1
1645,1,2
1646,1,1
1647,1,5
1648,1,1
1649,1,2
1650,1,2
1651,1,2
1652,1,1
1653,0,4
1654,1,1
1655,1,2
1656,0,4
1657,0,3
1658,0,1
1659,0,2
1660,1,3
1661,1,2
1662,1,1
1663,0,1
1664,1,4
1665,1,2
1666,1,5
1667,1,3
1668,0,2
1669,0,6
1670,1,3
1671,1,2
1672,1,0
1673,1,3
1674,0,2
1675,1,1
1676,1,1
1677,0,1
1678,1,2
1679,1,2
1680,1,1
1681,1,2
1682,0,2
1683,1,1
1684,1,3
1685,1,3
1686,1,2
1687,0,1
1688,1,3
1689,1,3
1690,0,2
1691,1,3
1692,1,2
1693,1,2
1694,1,2
1695,1,3
1696,0,1
1697,1,3
1698,0,2
1699,1,2
1700,0,2
1701,1,1
1702,1,1
1703,1,2
1704,0,1
1705,1,2
1706,1,5
1707,1,2
1708,1,2
1709,1,1
1710,0,1
1711,1,2
1712,1,2
1713,1,2
1714,1,2
1715,1,2
1716,0,5
1717,1,1
1718,1,1
1719,1,1
1720,1,1
1721,1,3
1722,1,3
1723,1,1
1724,1,1
1725,1,2
1726,1,3
1727,1,1
1728,1,2
1729,0,1
1730,0,1
1731,1,1
1732,1,1
1733,1,4
1734,1,1
1735,1,6
1736,1,3
1737,1,3
1738,1,6
1739,1,6
1740,1,3
1741,1,2
1742,1,3
1743,1,3
1744,1,4
1745,1,2
1746,1,2
1747,1,5
1748,1,2
1749,1,5
1750,1,3
1751,1,2
1752,1,3
1753,1,1
1754,0,1
1755,0,2
1756,1,2
1757,0,2
1758,1,2
1759,0,2
1760,1,3
1761,1,2
1762,1,3
1763,1,1
1764,1,1
1765,0,4
1766,1,2
1767,1,4
1768,1,2
1769,1,3
1770,1,2
1771,1,6
1772,1,1
1773,1,2
1774,1,2
1775,1,2
1776,1,2
1777,1,1
1778,1,1
1779,1,3
1780,0,3
1781,1,4
1782,1,1
1783,1,1
1784,1,1
1785,1,4
1786,1,1
1787,1,4
1788,1,0
1789,1,2
1790,1,1
1791,0,2
1792,1,2
1793,1,2
1794,1,1
1795,1,5
1796,1,3
1797,1,4
1798,1,3
1799,1,1
1800,0,2
1801,1,1
1802,1,2
1803,1,2
1804,1,1
1805,1,1
1806,1,1
1807,0,1
1808,0,2
1809,1,5
1810,1,6
1811,0,2
1812,0,3
1813,1,5
1814,1,0
1815,0,3
1816,1,3
1817,1,0
1818,0,3
1819,1,2
1820,1,2
1821,0,2
1822,0,3
1823,0,1
1824,1,2
1825,1,4
1826,0,2
1827,1,1
1828,1,2
1829,1,1
1830,1,1
1831,0,1
1832,1,1
1833,1,3
1834,1,2
1835,1,2
1836,1,2
1837,1,3
1838,1,1
1839,1,2
1840,1,1
1841,1,1
1842,1,2
1843,0,1
1844,1,2
1845,1,4
1846,1,1
1847,1,3
1848,1,3
1849,1,1
1850,1,2
1851,1,2
1852,1,5
1853,1,2
1854,1,1
1855,1,6
1856,1,0
1857,0,1
1858,0,2
1859,1,6
1860,1,5
1861,1,5
1862,1,1
1863,1,3
1864,0,1
1865,1,2
1866,1,5
1867,1,5
1868,1,4
1869,1,6
1870,0,4
1871,1,5
1872,1,3
1873,1,4
1874,1,3
1875,1,2
1876,0,4
1877,1,0
1878,1,2
1879,1,3
1880,1,3
1881,1,3
1882,0,5
1883,1,4
1884,1,5
1885,1,2
1886,1,6
1887,1,3
1888,1,1
1889,1,5
1890,1,4
1891,1,2
1892,0,3
1893,0,3
1894,1,3
1895,1,6
1896,0,5
1897,1,2
1898,0,4
1899,1,6
1900,1,5
1901,1,2
1902,1,3
1903,1,1
1904,0,3
1905,0,2
1906,1,3
1907,1,6
1908,1,1
1909,1,0
1910,0,1
1911,1,2
1912,1,2
1913,0,3
1914,1,5
1915,1,4
1916,1,1
1917,0,4
1918,1,0
1919,0,3
1920,1,6
1921,0,2
1922,1,3
1923,0,6
1924,1,5
1925,0,0
1926,1,3
1927,1,0
1928,0,0
1929,1,2
1930,1,2
1931,1,2
1932,1,1
1933,1,2
1934,1,0
1935,1,3
1936,1,2
1937,0,2
1938,0,3
1939,1,2
1940,1,3
1941,1,3
1942,1,1
1943,0,1
1944,1,2
1945,1,2
1946,1,2
1947,1,0
1948,1,1
1949,1,2
1950,0,1
1951,1,3
1952,0,2
1953,1,2
1954,1,0
1955,1,3
1956,0,1
1957,0,2
1958,0,5
1959,1,4
1960,0,5
1961,0,1
1962,0,5
1963,0,2
1964,1,6
1965,1,2
1966,1,5
1967,1,2
1968,0,2
1969,1,5
1970,0,2
1971,1,4
1972,1,2
1973,1,3
1974,1,1
1975,1,3
1976,1,6
1977,1,0
1978,1,6
1979,1,3
1980,1,6
1981,1,0
1982,1,2
1983,1,1
1984,1,4
1985,1,5
1986,1,2
1987,0,2
1988,1,5
1989,1,2
1990,1,2
1991,1,1
1992,1,3
1993,1,3
1994,1,2
1995,1,3
1996,1,2
1997,0,5
1998,0,3
1999,1,1
2000,1,5
2001,0,6
2002,1,0
2003,1,4
2004,1,1
2005,1,3
2006,1,5
2007,1,2
2008,0,3
2009,1,1
2010,0,3
2011,1,2
2012,1,4
2013,1,1
2014,1,1
2015,0,6
2016,1,2
2017,1,3
2018,1,5
2019,1,2
2020,1,2
2021,1,2
2022,1,1
2023,1,0
2024,1,6
2025,1,5
2026,0,2
2027,1,4
2028,0,2
2029,1,2
2030,1,3
2031,1,5
2032,0,4
2033,0,4
2034,0,1
2035,0,2
2036,1,6
2037,0,4
2038,1,5
2039,0,2
2040,0,2
2041,1,0
2042,1,2
2043,0,4
2044,0,0
2045,1,3
2046,1,0
2047,1,5
2048,0,5
2049,0,3
2050,1,3
2051,1,0
2052,1,4
2053,1,2
2054,1,5
2055,1,2
2056,1,3
2057,0,6
2058,1,3
2059,1,0
2060,1,6
2061,1,1
2062,1,2
2063,1,3
2064,1,2
2065,0,2
2066,1,5
2067,0,3
2068,1,6
2069,0,3
2070,1,4
2071,0,5
2072,0,1
2073,1,1
2074,0,2
2075,1,1
2076,1,1
2077,1,1
2078,1,0
2079,1,2
2080,1,1
2081,1,0
2082,1,1
2083,1,1
2084,1,1
2085,1,3
2086,1,2
2087,1,5
2088,1,3
2089,1,3
2090,0,3
2091,1,6
2092,1,1
2093,1,3
2094,1,6
2095,0,2
2096,1,1
2097,1,3
2098,0,1
2099,0,2
2100,1,2
2101,1,2
2102,1,3
2103,1,4
2104,1,2
2105,0,1
2106,1,2
2107,1,0
2108,1,2
2109,1,5
2110,1,6
2111,0,4
2112,1,2
2113,1,1
2114,1,3
2115,1,1
2116,1,6
2117,1,2
2118,1,3
2119,1,0
2120,1,6
2121,1,3
2122,0,3
2123,1,2
2124,1,3
2125,1,6
2126,1,1
2127,0,4
2128,1,2
2129,1,4
2130,1,2
2131,1,6
2132,0,0
2133,1,1
2134,1,5
2135,1,3
2136,0,0
2137,0,1
2138,0,5
2139,1,4
2140,0,5
2141,0,4
2142,1,1
2143,1,1
2144,1,1
2145,1,1
2146,0,1
2147,0,1
2148,1,2
2149,0,1
2150,1,6
2151,1,1
2152,1,1
2153,1,2
2154,0,0
2155,1,1
2156,0,1
2157,1,2
2158,0,5
2159,0,1
2160,0,3
2161,0,0
2162,1,1
2163,1,3
2164,1,2
2165,1,0
2166,0,2
2167,1,0
2168,1,0
2169,0,5
2170,1,3
2171,1,1
2172,1,5
2173,1,5
2174,1,2
2175,1,0
2176,0,3
2177,1,4
2178,0,2
2179,1,2
2180,1,2
2181,0,2
2182,0,6
2183,1,1
2184,1,4
2185,1,1
2186,1,4
2187,0,1
2188,1,0
2189,0,2
2190,1,1
2191,0,2
2192,1,0
2193,1,2
2194,1,0
2195,1,2
2196,0,2
2197,0,3
2198,1,0
2199,1,3
2200,1,6
2201,0,0
2202,1,4
2203,1,6
2204,0,2
2205,1,4
2206,1,1
2207,1,2
2208,1,3
2209,1,4
2210,1,4
2211,1,1
2212,0,2
2213,0,2
2214,0,2
2215,0,2
2216,1,0
2217,1,3
2218,1,2
2219,0,5
2220,1,6
2221,0,4
2222,1,2
2223,1,2
2224,1,2
2225,0,2
2226,1,5
2227,1,2
2228,1,4
2229,0,4
2230,1,5
2231,1,2
2232,0,3
2233,1,6
2234,1,0
2235,1,0
2236,0,3
2237,0,2
2238,1,1
2239,1,4
2240,1,4
2241,1,1
2242,1,4
2243,1,0
2244,1,0
2245,1,2
2246,1,4
2247,0,3
2248,1,2
2249,1,1
2250,1,3
2251,0,1
2252,0,5
2253,1,3
2254,0,3
2255,0,4
2256,0,1
2257,0,1
2258,0,6
2259,0,2
2260,1,2
2261,1,4
2262,1,2
2263,0,4
2264,1,6
2265,0,5
2266,0,6
2267,0,3
2268,0,4
2269,1,1
2270,1,5
2271,1,2
2272,1,2
2273,1,1
2274,1,6
2275,1,6
2276,0,4
2277,1,5
2278,1,5
2279,1,6
2280,1,4
2281,1,5
2282,1,3
2283,1,2
2284,0,0
2285,1,3
2286,1,6
2287,1,0
2288,0,5
2289,1,2
2290,1,4
2291,1,5
2292,0,6
2293,1,6
2294,1,4
2295,0,2
2296,1,6
2297,1,3
2298,0,1
2299,1,6
2300,0,2
2301,1,5
2302,1,5
2303,1,4
2304,1,5
2305,0,1
2306,1,2
2307,0,4
2308,0,4
2309,1,4
2310,0,2
2311,1,4
2312,0,5
2313,0,2
2314,1,6
2315,1,3
2316,0,4
2317,1,6
2318,1,3
2319,0,5
2320,1,2
2321,0,6
2322,1,3
2323,1,3
2324,0,1
2325,1,1
2326,1,1
2327,1,6
2328,0,6
2329,1,4
2330,1,6
2331,1,6
2332,1,5
2333,0,6
2334,1,5
2335,1,3
2336,1,3
2337,1,4
2338,0,6
2339,1,3
2340,1,6
2341,1,3
2342,0,4
2343,1,2
2344,1,3
2345,0,0
2346,1,3
2347,1,5
2348,1,2
2349,1,1
2350,0,2
2351,1,5
2352,0,3
2353,1,3
2354,0,4
2355,0,5
2356,0,3
2357,0,6
2358,1,6
2359,1,5
2360,1,6
2361,1,2
2362,1,5
2363,0,6
2364,1,5
2365,0,4
2366,0,2
2367,0,6
2368,1,3
2369,1,5
2370,0,3
2371,0,4
2372,1,4
2373,1,2
2374,0,5
2375,1,2
2376,1,3
2377,1,2
2378,1,1
2379,1,2
2380,0,3
2381,1,5
2382,0,2
2383,1,3
2384,0,4
2385,0,2
2386,1,2
2387,1,6
2388,1,2
2389,0,2
2390,1,5
2391,0,6
2392,1,6
2393,1,3
2394,1,3
2395,0,1
2396,0,3
2397,1,2
2398,1,3
2399,0,2
2400,1,2
2401,1,4
2402,1,1
2403,1,1
2404,1,5
2405,0,6
2406,1,3
2407,0,4
2408,0,3
2409,1,6
2410,0,3
2411,1,6
2412,0,6
2413,1,2
2414,1,2
2415,1,4
2416,1,4
2417,0,0
2418,1,2
2419,1,5
2420,1,3
2421,0,5
2422,0,4
2423,1,2
2424,0,3
2425,1,6
2426,0,2
2427,1,4
2428,1,2
2429,1,2
2430,0,2
2431,1,2
2432,1,2
2433,1,2
2434,1,2
2435,1,2
2436,1,2
2437,1,3
2438,1,4
2439,1,5
2440,0,4
2441,1,3
2442,0,3
2443,0,4
2444,1,2
2445,1,1
2446,1,2
2447,1,3
2448,1,6
2449,1,4
2450,1,4
2451,1,4
2452,1,2
2453,1,1
2454,1,3
2455,1,2
2456,1,2
2457,1,2
2458,1,5
2459,0,5
2460,1,1
2461,1,3
2462,1,2
2463,0,1
2464,1,5
2465,1,2
2466,1,0
2467,1,5
2468,1,2
2469,1,3
2470,1,5
2471,1,2
2472,1,2
2473,1,2
2474,0,2
2475,1,5
2476,1,4
2477,1,5
2478,0,2
2479,0,1
2480,1,3
2481,0,5
2482,1,6
2483,1,4
2484,1,3
2485,1,1
2486,1,4
2487,0,4
2488,0,3
2489,1,2
2490,1,3
2491,0,4
2492,1,4
2493,1,1
2494,0,1
2495,1,5
2496,0,5
2497,1,6
2498,1,5
2499,1,6
2500,1,2
2501,1,6
2502,1,3
2503,1,2
2504,1,2
2505,0,2
2506,1,2
2507,0,3
2508,1,2
2509,1,2
2510,1,2
2511,0,4
2512,1,6
2513,1,6
2514,1,4
2515,0,4
2516,0,3
2517,1,2
2518,0,4
2519,0,6
2520,1,3
2521,1,1
2522,1,2
2523,0,6
2524,0,3
2525,1,6
2526,1,3
2527,1,6
2528,0,3
2529,1,1
2530,0,4
2531,0,6
2532,0,2
2533,0,5
2534,0,6
2535,1,6
2536,1,3
2537,1,6
2538,1,3
2539,0,4
2540,0,3
2541,0,4
2542,0,3
2543,1,4
2544,1,6
2545,0,6
2546,0,3
2547,0,3
2548,1,6
2549,1,5
2550,1,2
2551,0,2
2552,1,2
2553,1,2
2554,1,6
2555,1,2
2556,0,1
2557,1,6
2558,1,1
2559,0,4
2560,1,2
2561,1,1
2562,1,4
2563,0,3
2564,1,3
2565,1,3
2566,1,2
2567,1,2
2568,1,4
2569,0,6
2570,1,3
2571,1,3
2572,1,4
2573,1,5
2574,1,3
2575,1,1
2576,1,2
2577,1,5
2578,1,3
2579,0,4
2580,1,2
2581,0,2
2582,1,3
2583,0,6
2584,1,4
2585,1,2
2586,1,3
2587,0,6
2588,1,2
2589,1,1
2590,1,1
2591,1,5
2592,1,6
2593,1,3
2594,1,1
2595,1,5
2596,0,5
2597,1,2
2598,1,2
2599,1,2
2600,1,3
2601,1,4
2602,1,2
2603,1,2
2604,1,3
2605,1,5
2606,0,6
2607,0,2
2608,0,5
2609,1,4
2610,1,2
2611,0,4
2612,1,3
2613,1,2
2614,1,2
2615,1,3
2616,0,4
2617,0,1
2618,1,3
2619,1,1
2620,1,1
2621,0,3
2622,1,6
2623,0,3
2624,1,3
2625,1,6
2626,1,2
2627,0,2
2628,1,2
2629,0,1
2630,0,5
2631,1,6
2632,0,3
2633,1,6
2634,1,3
2635,1,1
2636,0,3
2637,1,2
2638,0,2
2639,1,3
2640,1,2
2641,1,2
2642,1,4
2643,1,1
2644,1,2
2645,1,4
2646,0,3
2647,1,2
2648,1,2
2649,1,4
2650,1,6
2651,1,3
2652,1,2
2653,0,3
2654,1,3
2655,1,6
2656,0,0
2657,1,2
2658,1,3
2659,1,6
2660,1,6
2661,1,2
2662,0,2
2663,1,3
2664,1,3
2665,1,4
2666,0,3
2667,0,2
2668,1,4
2669,1,3
2670,0,3
2671,1,3
2672,1,3
2673,1,2
2674,1,3
2675,1,6
2676,0,3
2677,1,2
2678,0,1
2679,1,2
2680,0,2
2681,1,1
2682,1,3
2683,0,1
2684,1,4
2685,1,2
2686,1,0
2687,1,2
2688,1,2
2689,1,2
2690,1,1
2691,0,1
2692,1,6
2693,1,1
2694,1,3
2695,1,2
2696,0,5
2697,0,2
2698,0,6
2699,1,2
2700,1,4
2701,1,4
2702,1,3
2703,1,6
2704,1,2
2705,0,2
2706,1,6
2707,1,2
2708,0,2
2709,1,3
2710,0,2
2711,0,1
2712,1,2
2713,1,1
2714,0,5
2715,0,5
2716,1,2
2717,0,2
2718,1,2
2719,1,3
2720,1,4
2721,1,3
2722,0,2
2723,0,4
2724,1,3
2725,1,4
2726,1,2
2727,1,3
2728,1,5
2729,1,3
2730,1,3
2731,1,4
2732,1,4
2733,0,1
2734,1,2
2735,1,4
2736,1,2
2737,0,5
2738,0,3
2739,1,4
2740,1,2
2741,1,2
2742,1,2
2743,1,1
2744,0,3
2745,1,5
2746,0,1
2747,1,2
2748,1,2
2749,0,2
2750,0,2
2751,1,2
2752,0,5
2753,1,5
2754,1,3
2755,1,1
2756,1,2
2757,1,6
2758,1,2
2759,1,6
2760,1,3
2761,1,5
2762,0,1
2763,1,2
2764,1,5
2765,1,4
2766,1,2
2767,1,2
2768,1,2
2769,1,3
2770,1,1
2771,1,3
2772,1,3
2773,1,2
2774,0,1
2775,1,2
2776,1,1
2777,1,6
2778,1,3
2779,1,2
2780,1,3
2781,0,1
2782,1,4
2783,1,5
2784,1,6
2785,1,2
2786,1,2
2787,1,6
2788,1,1
2789,1,2
2790,1,6
2791,1,1
2792,1,3
2793,1,2
2794,1,5
2795,1,2
2796,0,2
2797,1,3
2798,1,1
2799,0,1
2800,0,2
2801,1,3
2802,1,2
2803,0,3
2804,1,6
2805,1,0
2806,0,3
2807,1,6
2808,1,2
2809,0,0
2810,1,2
2811,1,2
2812,1,2
2813,1,3
2814,1,3
2815,1,2
2816,1,3
2817,1,2
2818,1,4
2819,0,3
2820,1,1
2821,1,5
2822,1,2
2823,1,1
2824,0,2
2825,1,3
2826,1,2
2827,1,1
2828,1,4
2829,1,3
2830,1,2
2831,1,2
2832,1,2
2833,1,3
2834,1,3
2835,1,2
2836,1,1
2837,1,1
2838,1,2
2839,1,2
2840,1,5
2841,1,3
2842,0,2
2843,1,2
2844,1,2
2845,0,1
2846,1,1
2847,1,2
2848,1,4
2849,1,1
2850,0,2
2851,1,2
2852,1,0
2853,0,1
2854,1,2
2855,1,3
2856,1,2
2857,0,0
2858,1,1
2859,1,3
2860,1,2
2861,1,4
2862,0,2
2863,0,3
2864,0,2
2865,1,2
2866,1,4
2867,1,3
2868,1,5
2869,1,5
2870,0,2
2871,1,2
2872,0,1
2873,0,3
2874,1,2
2875,1,2
2876,1,3
2877,0,5
2878,1,1
2879,1,1
2880,0,2
2881,1,1
2882,1,1
2883,0,5
2884,0,1
2885,1,1
2886,1,2
2887,1,2
2888,1,3
2889,1,3
2890,0,1
2891,1,2
2892,1,2
2893,1,1
2894,1,2
2895,1,1
2896,1,2
2897,1,1
2898,1,3
2899,1,1
2900,1,2
2901,1,2
2902,1,2
2903,1,2
2904,1,3
2905,1,3
2906,0,3
2907,1,1
2908,1,2
2909,1,0
2910,0,2
2911,0,1
2912,0,3
2913,1,2
2914,1,2
2915,1,4
2916,1,2
2917,1,2
2918,1,1
2919,1,2
2920,1,5
2921,1,2
2922,1,3
2923,0,1
2924,0,2
2925,0,1
2926,1,2
2927,1,2
2928,1,1
2929,1,5
2930,1,1
2931,1,2
2932,1,3
2933,0,3
2934,1,2
2935,0,1
2936,0,1
2937,0,2
2938,0,2
2939,1,2
2940,1,3
2941,0,5
2942,1,3
2943,0,1
2944,0,3
2945,1,3
2946,0,2
2947,1,1
2948,1,2
2949,1,1
2950,0,3
2951,1,2
2952,1,2
2953,1,1
2954,1,3
2955,1,2
2956,1,1
2957,1,2
2958,1,3
2959,1,1
2960,1,5
2961,1,3
2962,0,1
2963,1,2
2964,0,3
2965,0,2
2966,1,2
2967,0,1
2968,1,2
2969,1,1
2970,1,2
2971,1,2
2972,0,1
2973,1,1
2974,1,3
2975,1,1
2976,0,1
2977,1,3
2978,1,3
2979,1,4
2980,1,4
2981,1,2
2982,1,1
2983,1,2
2984,1,1
2985,1,2
2986,1,1
2987,0,1
2988,1,3
2989,1,3
2990,1,5
2991,1,1
2992,1,1
2993,1,3
2994,1,2
2995,1,1
2996,0,3
2997,0,2
2998,1,2
2999,1,2
3000,1,1
3001,1,4
3002,1,1
3003,0,1
3004,1,2
3005,1,1
3006,1,3
3007,1,1
3008,0,3
3009,1,2
3010,1,2
3011,1,2
3012,1,4
3013,1,3
3014,1,6
3015,1,1
3016,0,3
3017,1,3
3018,1,5
3019,0,3
3020,0,4
3021,1,2
3022,0,2
3023,1,3
3024,0,3
3025,0,1
3026,1,1
3027,1,0
3028,1,1
3029,1,3
3030,1,1
3031,1,2
3032,1,1
3033,0,1
3034,0,2
3035,1,6
3036,0,2
3037,0,3
3038,0,5
3039,1,2
3040,1,2
3041,1,6
3042,1,1
3043,1,3
3044,1,4
3045,1,0
3046,0,2
3047,1,1
3048,0,5
3049,1,3
3050,1,1
3051,1,3
3052,0,2
3053,1,1
3054,0,2
3055,1,2
3056,0,2
3057,1,1
3058,1,3
3059,0,3
3060,1,4
3061,1,1
3062,1,1
3063,1,3
3064,0,1
3065,1,1
3066,0,2
3067,0,3
3068,1,1
3069,0,1
3070,1,2
3071,1,5
3072,1,2
3073,1,2
3074,0,2
3075,1,3
3076,1,1
3077,0,3
3078,0,2
3079,1,2
3080,1,2
3081,0,3
3082,0,5
3083,1,2
3084,1,2
3085,1,1
3086,0,0
3087,0,2
3088,1,4
3089,1,2
3090,0,2
3091,1,3
3092,0,4
3093,1,3
3094,0,2
3095,0,4
3096,0,2
3097,1,2
3098,1,2
3099,0,2
3100,1,1
3101,1,2
3102,1,2
3103,1,1
3104,1,3
3105,1,2
3106,1,2
3107,1,5
3108,0,2
3109,1,2
3110,1,1
3111,1,1
3112,1,2
3113,1,1
3114,1,3
3115,1,2
3116,1,3
3117,1,2
3118,1,4
3119,1,1
3120,1,2
3121,0,2
3122,1,2
3123,1,2
3124,1,2
3125,1,2
3126,0,2
3127,1,1
3128,1,2
3129,1,2
3130,0,2
3131,1,3
3132,1,1
3133,1,1
3134,1,2
3135,0,2
3136,1,2
3137,1,3
3138,1,6
3139,0,2
3140,1,2
3141,1,2
3142,0,5
3143,0,2
3144,1,1
3145,1,2
3146,1,2
3147,1,1
3148,1,1
3149,0,2
3150,0,2
3151,1,1
3152,0,2
3153,0,2
3154,1,2
3155,1,3
3156,1,2
3157,1,2
3158,0,2
3159,1,2
3160,1,2
3161,1,2
3162,1,1
3163,1,1
3164,1,3
3165,1,1
3166,1,2
3167,0,3
3168,1,5
3169,1,2
3170,0,5
3171,1,1
3172,1,2
3173,0,1
3174,1,3
3175,1,2
3176,0,2
3177,0,3
3178,0,1
3179,1,2
3180,1,2
3181,1,2
3182,1,5
3183,0,2
3184,1,1
3185,1,5
3186,1,3
3187,1,6
3188,1,2
3189,1,0
3190,1,2
3191,1,1
3192,1,2
3193,1,2
3194,1,1
3195,0,1
3196,0,1
3197,1,2
3198,1,1
3199,0,2
3200,1,4
3201,0,1
3202,1,3
3203,1,4
3204,0,3
3205,1,1
3206,1,3
3207,1,2
3208,1,2
3209,0,4
3210,1,5
3211,0,2
3212,0,2
3213,0,6
3214,0,5
3215,1,3
3216,0,3
3217,1,6
3218,0,1
3219,1,3
3220,1,2
3221,1,3
3222,1,2
3223,0,2
3224,1,1
3225,1,3
3226,0,2
3227,1,2
3228,0,6
3229,1,3
3230,1,2
3231,1,3
3232,1,5
3233,0,0
3234,1,1
3235,1,1
3236,1,3
3237,1,3
3238,0,2
3239,1,1
3240,0,5
3241,1,5
3242,1,2
3243,0,1
3244,1,1
3245,0,3
3246,1,3
3247,0,2
3248,0,2
3249,1,2
3250,1,3
3251,1,5
3252,0,3
3253,0,3
3254,0,2
3255,1,2
3256,1,2
3257,1,4
3258,0,1
3259,1,2
3260,1,4
3261,1,2
3262,1,5
3263,0,2
3264,1,2
3265,0,2
3266,1,2
3267,1,2
3268,0,1
3269,1,1
3270,0,3
3271,1,3
3272,1,3
3273,1,2
3274,1,3
3275,1,2
3276,1,2
3277,1,3
3278,1,4
3279,1,2
3280,1,2
3281,1,4
3282,1,3
3283,1,2
3284,1,2
3285,0,3
3286,1,6
3287,1,2
3288,1,4
3289,1,2
3290,0,2
3291,0,5
3292,1,4
3293,1,1
3294,1,1
3295,1,1
3296,1,1
3297,1,0
3298,0,2
3299,1,3
3300,0,2
3301,1,2
3302,1,6
3303,0,4
3304,1,6
3305,1,4
3306,1,5
3307,0,1
3308,1,2
3309,1,4
3310,1,2
3311,0,1
3312,1,3
3313,1,2
3314,1,2
3315,1,0
3316,1,2
3317,1,6
3318,0,6
3319,1,2
3320,1,3
3321,0,1
3322,1,3
3323,1,3
3324,0,3
3325,1,4
3326,1,1
3327,1,6
3328,1,5
3329,0,3
3330,0,2
3331,1,2
3332,1,1
3333,1,3
3334,1,2
3335,1,3
3336,1,2
3337,1,4
3338,1,2
3339,1,4
3340,1,2
3341,0,2
3342,0,1
3343,1,3
3344,1,2
3345,1,3
3346,0,3
3347,1,4
3348,0,1
3349,0,1
3350,0,1
3351,1,3
3352,1,3
3353,1,2
3354,1,2
3355,1,3
3356,1,2
3357,0,2
3358,1,2
3359,0,2
3360,1,2
3361,0,2
3362,0,3
3363,1,6
3364,1,5
3365,1,3
3366,1,5
3367,1,2
3368,1,4
3369,1,1
3370,1,2
3371,1,6
3372,1,1
3373,1,3
3374,1,2
3375,1,3
3376,1,2
3377,1,1
3378,1,3
3379,1,5
3380,1,2
3381,0,0
3382,1,6
3383,1,3
3384,0,2
3385,1,1
3386,1,1
3387,0,2
3388,1,1
3389,0,4
3390,1,1
3391,1,5
3392,1,3
3393,1,3
3394,1,2
3395,1,2
3396,1,2
3397,1,1
3398,1,2
3399,1,2
3400,1,3
3401,1,3
3402,1,3
3403,1,2
3404,1,3
3405,0,2
3406,0,4
3407,1,2
3408,1,2
3409,1,3
3410,1,1
3411,1,2
3412,0,2
3413,1,2
3414,1,3
3415,1,2
3416,0,1
3417,0,1
3418,1,4
3419,0,2
3420,1,4
3421,1,2
3422,1,2
3423,1,2
3424,1,1
3425,1,2
3426,1,2
3427,1,4
3428,0,2
3429,0,4
3430,0,4
3431,1,2
3432,1,1
3433,1,1
3434,1,4
3435,1,3
3436,0,2
3437,0,2
3438,1,1
3439,1,6
3440,0,2
3441,1,1
3442,0,3
3443,1,5
3444,0,3
3445,1,2
3446,1,2
3447,0,1
3448,1,2
3449,1,2
3450,0,2
3451,1,2
3452,1,3
3453,1,1
3454,0,2
3455,1,2
3456,1,2
3457,1,4
3458,1,1
3459,1,0
3460,1,3
3461,0,2
3462,1,2
3463,0,2
3464,1,2
3465,1,2
3466,1,2
3467,1,2
3468,1,4
3469,1,3
3470,1,1
3471,1,2
3472,0,3
3473,1,3
3474,1,2
3475,1,5
3476,0,5
3477,1,2
3478,1,1
3479,1,2
3480,1,1
3481,1,5
3482,0,4
3483,1,1
3484,1,2
3485,0,1
3486,1,1
3487,1,4
3488,1,1
3489,1,2
3490,1,2
3491,1,3
3492,1,2
3493,1,2
3494,1,1
3495,1,3
3496,0,3
3497,1,2
3498,1,2
3499,1,3
3500,0,3
3501,0,1
3502,1,1
3503,1,1
3504,0,2
3505,1,1
3506,1,2
3507,1,1
3508,1,1
3509,0,1
3510,1,5
3511,1,1
3512,1,2
3513,1,1
3514,1,3
3515,1,1
3516,1,1
3517,0,1
3518,0,2
3519,1,2
3520,1,2
3521,1,1
3522,1,3
3523,0,2
3524,0,1
3525,1,3
3526,1,2
3527,1,3
3528,0,4
3529,1,2
3530,0,2
3531,0,3
3532,1,2
3533,1,3
3534,1,4
3535,1,1
3536,1,0
3537,1,3
3538,0,2
3539,1,1
3540,1,2
3541,1,2
3542,1,2
3543,0,2
3544,1,3
3545,1,2
3546,1,3
3547,1,4
3548,0,3
3549,1,2
3550,0,6
3551,0,3
3552,1,3
3553,1,2
3554,1,6
3555,1,2
3556,1,1
3557,1,1
3558,1,1
3559,0,2
3560,1,3
3561,0,2
3562,1,2
3563,1,2
3564,1,2
3565,1,4
3566,1,2
3567,1,2
3568,0,1
3569,1,3
3570,1,1
3571,1,3
3572,1,0
3573,0,3
3574,1,2
3575,1,5
3576,0,6
3577,1,5
3578,1,1
3579,0,1
3580,1,1
3581,0,3
3582,0,2
3583,1,1
3584,1,3
3585,1,3
3586,1,3
3587,1,2
3588,0,4
3589,0,1
3590,1,3
3591,0,6
3592,0,2
3593,1,0
3594,1,2
3595,0,3
3596,1,2
3597,1,6
3598,1,2
3599,1,3
3600,0,3
3601,1,2
3602,0,3
3603,0,0
3604,1,1
3605,0,2
3606,1,3
3607,0,3
3608,0,2
3609,1,1
3610,1,2
3611,1,2
3612,1,2
3613,1,2
3614,1,2
3615,1,4
3616,1,3
3617,1,6
3618,1,5
3619,1,2
3620,1,1
3621,1,1
3622,1,3
3623,1,2
3624,1,1
3625,1,2
3626,0,3
3627,1,2
3628,0,5
3629,1,1
3630,1,1
3631,1,5
3632,1,3
3633,1,5
3634,1,5
3635,1,2
3636,1,2
3637,1,2
3638,1,1
3639,1,3
3640,1,2
3641,0,2
3642,1,2
3643,0,2
3644,1,3
3645,1,3
3646,1,2
3647,1,1
3648,0,2
3649,1,2
3650,1,2
3651,1,2
3652,1,1
3653,1,2
3654,0,2
3655,0,4
3656,1,1
3657,0,2
3658,1,1
3659,1,3
3660,1,3
3661,1,3
3662,0,3
3663,0,3
3664,1,2
3665,1,4
3666,0,0
3667,0,4
3668,1,2
3669,1,4
3670,1,2
3671,1,3
3672,1,2
3673,1,2
3674,1,3
3675,0,3
3676,0,2
3677,1,2
3678,1,2
3679,0,2
3680,1,2
3681,0,5
3682,1,2
3683,1,2
3684,1,2
3685,1,2
3686,0,5
3687,1,1
3688,1,2
3689,1,1
3690,1,2
3691,1,3
3692,1,2
3693,1,2
3694,1,2
3695,1,3
3696,1,2
3697,1,2
3698,0,6
3699,1,2
3700,1,3
3701,1,3
3702,1,1
3703,0,3
3704,1,4
3705,1,2
3706,0,1
3707,1,6
3708,1,2
3709,1,0
3710,1,3
3711,1,2
3712,0,2
3713,1,2
3714,1,1
3715,1,1
3716,1,3
3717,1,5
3718,1,2
3719,1,4
3720,1,2
3721,1,2
3722,1,2
3723,1,3
3724,1,1
3725,1,2
3726,1,3
3727,1,1
3728,1,1
3729,1,2
3730,1,2
3731,1,2
3732,1,1
3733,1,1
3734,1,2
3735,1,3
3736,1,2
3737,1,4
3738,1,6
3739,1,1
3740,1,2
3741,1,2
3742,0,3
3743,1,2
3744,0,2
3745,1,2
3746,1,4
3747,1,1
3748,0,2
3749,0,1
3750,0,3
3751,0,1
3752,1,2
3753,1,6
3754,0,5
3755,1,1
3756,1,2
3757,0,3
3758,1,3
3759,1,5
3760,1,2
3761,1,5
3762,1,2
3763,1,2
3764,0,5
3765,0,1
3766,1,2
3767,1,2
3768,1,2
3769,0,3
3770,1,2
3771,1,3
3772,1,3
3773,1,2
3774,1,3
3775,0,2
3776,1,1
3777,1,2
3778,0,4
3779,1,0
3780,0,6
3781,0,2
3782,1,2
3783,0,2
3784,0,2
3785,0,2
3786,0,2
3787,0,1
3788,0,2
3789,0,2
3790,1,5
3791,1,2
3792,1,1
3793,0,1
3794,0,1
3795,1,4
3796,1,2
3797,1,2
3798,1,1
3799,1,1
3800,1,1
3801,1,1
3802,0,3
3803,1,2
3804,0,3
3805,1,1
3806,0,3
3807,1,2
3808,1,3
3809,1,5
3810,1,2
3811,1,3
3812,1,3
3813,1,2
3814,1,2
3815,0,2
3816,1,3
3817,1,4
3818,1,2
3819,1,2
3820,1,2
3821,1,4
3822,1,6
3823,1,2
3824,1,1
3825,1,2
3826,1,5
3827,1,2
3828,0,2
3829,1,1
3830,0,1
3831,0,2
3832,1,2
3833,1,1
3834,1,2
3835,0,5
3836,1,2
3837,0,2
3838,1,5
3839,0,2
3840,1,4
3841,0,3
3842,0,0
3843,1,1
3844,1,2
3845,1,3
3846,1,2
3847,1,2
3848,1,3
3849,1,1
3850,1,2
3851,1,5
3852,1,2
3853,1,2
3854,1,2
3855,0,3
3856,1,1
3857,0,4
3858,1,2
3859,1,4
3860,1,1
3861,1,2
3862,1,2
3863,1,5
3864,0,0
3865,1,4
3866,1,3
3867,1,1
3868,1,1
3869,1,2
3870,1,1
3871,1,2
3872,0,4
3873,1,2
3874,1,2
3875,1,2
3876,1,4
3877,1,3
3878,1,2
3879,1,2
3880,1,1
3881,1,6
3882,1,5
3883,1,1
3884,1,2
3885,1,3
3886,1,1
3887,1,4
3888,1,4
3889,1,1
3890,0,6
3891,1,2
3892,1,2
3893,1,3
3894,0,3
3895,1,3
3896,1,6
3897,1,4
3898,1,2
3899,0,2
3900,1,1
3901,1,2
3902,1,2
3903,1,0
3904,1,2
3905,1,5
3906,0,1
3907,1,2
3908,1,1
3909,1,2
3910,1,1
3911,1,2
3912,1,1
3913,1,3
3914,0,3
3915,1,2
3916,0,3
3917,1,2
3918,1,4
3919,1,3
3920,1,2
3921,1,1
3922,1,3
3923,1,5
3924,1,2
3925,1,2
3926,0,2
3927,1,2
3928,1,2
3929,1,6
3930,1,2
3931,1,2
3932,0,3
3933,1,2
3934,1,3
3935,0,3
3936,1,6
3937,1,2
3938,1,4
3939,1,3
3940,1,4
3941,1,1
3942,0,3
3943,0,3
3944,0,4
3945,0,2
3946,1,2
3947,0,4
3948,1,4
3949,1,2
3950,0,1
3951,0,4
3952,1,2
3953,1,1
3954,1,3
3955,1,2
3956,1,3
3957,1,4
3958,0,4
3959,0,3
3960,1,2
3961,0,6
3962,1,5
3963,1,6
3964,1,1
3965,1,2
3966,0,1
3967,1,2
3968,1,6
3969,0,2
3970,0,1
3971,0,2
3972,1,2
3973,1,3
3974,0,2
3975,0,2
3976,1,3
3977,1,3
3978,0,5
3979,1,2
3980,0,4
3981,1,6
3982,1,2
3983,1,2
3984,1,4
3985,1,2
3986,0,1
3987,0,2
3988,1,5
3989,1,2
3990,1,2
3991,1,2
3992,1,2
3993,1,5
3994,1,3
3995,1,1
3996,1,3
3997,1,4
3998,1,3
3999,1,3
4000,0,2
4001,1,4
4002,1,6
4003,1,5
4004,1,3
4005,1,0
4006,1,3
4007,1,1
4008,1,1
4009,1,2
4010,1,2
4011,1,1
4012,1,2
4013,1,2
4014,0,4
4015,1,5
4016,1,2
4017,0,4
4018,1,3
4019,1,2
4020,1,5
4021,1,3
4022,0,3
4023,1,2
4024,0,6
4025,1,2
4026,0,2
4027,1,2
4028,0,6
4029,1,3
4030,1,2
4031,1,2
4032,1,2
4033,1,2
4034,1,1
4035,1,2
4036,1,5
4037,1,5
4038,1,2
4039,1,2
4040,1,1
4041,1,3
4042,0,2
4043,0,3
4044,1,6
4045,1,4
4046,1,1
4047,0,3
4048,1,4
4049,1,3
4050,1,1
4051,1,2
4052,1,2
4053,1,3
4054,1,5
4055,1,0
4056,1,3
4057,1,2
4058,1,2
4059,1,2
4060,1,5
4061,1,2
4062,0,3
4063,1,4
4064,0,4
4065,1,2
4066,1,4
4067,1,6
4068,1,3
4069,1,2
4070,1,2
4071,1,5
4072,1,2
4073,1,3
4074,1,2
4075,1,2
4076,0,3
4077,1,2
4078,1,3
4079,1,3
4080,1,1
4081,1,2
4082,1,6
4083,1,6
4084,0,2
4085,0,0
4086,1,0
4087,1,2
4088,1,2
4089,1,6
4090,1,2
4091,0,2
4092,1,2
4093,1,2
4094,1,2
4095,1,2
4096,1,2
4097,1,3
4098,1,3
4099,1,6
4100,1,1
4101,1,0
4102,1,1
4103,1,1
4104,1,5
4105,1,2
4106,0,2
4107,1,3
4108,1,3
4109,0,4
4110,1,2
4111,1,4
4112,1,3
4113,1,3
4114,1,2
4115,1,3
4116,1,1
4117,1,2
4118,1,5
4119,1,2
4120,1,4
4121,1,1
4122,0,2
4123,1,2
4124,1,3
4125,1,2
4126,1,5
4127,1,3
4128,1,6
4129,1,3
4130,1,4
4131,1,2
4132,1,4
4133,0,4
4134,1,0
4135,1,5
4136,1,2
4137,1,2
4138,1,6
4139,1,2
4140,1,3
4141,1,6
4142,0,2
4143,1,1
4144,0,5
4145,1,3
4146,0,5
4147,0,3
4148,1,3
4149,1,2
4150,1,4
4151,1,2
4152,1,5
4153,1,2
4154,1,5
4155,1,6
4156,1,5
4157,0,0
4158,0,5
4159,1,3
4160,1,4
4161,0,2
4162,1,6
4163,1,3
4164,0,2
4165,0,2
4166,1,2
4167,0,4
4168,1,5
4169,1,4
4170,1,6
4171,1,3
4172,0,1
4173,0,3
4174,1,3
4175,1,4
4176,1,3
4177,0,5
4178,0,3
4179,1,6
4180,0,2
4181,1,2
4182,1,2
4183,1,5
4184,1,2
4185,1,2
4186,0,6
4187,1,5
4188,1,3
4189,1,4
4190,0,4
4191,1,3
4192,1,6
4193,1,1
4194,0,6
4195,1,3
4196,0,4
4197,1,1
4198,0,2
4199,1,4
4200,0,2
4201,1,2
4202,1,2
4203,1,3
4204,0,2
4205,0,3
4206,1,3
4207,0,3
4208,1,6
4209,1,2
4210,1,4
4211,1,6
4212,1,3
4213,0,2
4214,1,2
4215,1,2
4216,1,1
4217,1,5
4218,1,3
4219,1,3
4220,1,3
4221,0,4
4222,0,3
4223,0,4
4224,0,2
4225,0,3
4226,1,2
4227,1,5
4228,1,3
4229,1,6
4230,0,5
4231,0,3
4232,1,3
4233,0,4
4234,1,5
4235,0,2
4236,1,2
4237,1,3
4238,1,5
4239,1,3
4240,1,3
4241,1,5
4242,1,6
4243,1,3
4244,1,5
4245,0,3
4246,1,2
4247,1,2
4248,0,1
4249,0,5
4250,1,4
4251,0,3
4252,1,4
4253,1,2
4254,1,5
4255,0,0
4256,1,5
4257,1,2
4258,1,3
4259,1,2
4260,0,3
4261,0,3
4262,1,2
4263,1,4
4264,1,2
4265,1,6
4266,1,3
4267,0,4
4268,1,3
4269,1,4
4270,1,3
4271,1,4
4272,1,4
4273,0,4
4274,0,4
4275,0,4
4276,1,3
4277,0,4
4278,1,2
4279,1,3
4280,1,6
4281,1,3
4282,0,2
4283,1,5
4284,1,3
4285,1,3
4286,1,2
4287,0,2
4288,1,3
4289,1,2
4290,1,3
4291,1,2
4292,0,4
4293,1,0
4294,1,1
4295,1,6
4296,1,4
4297,0,1
4298,0,2
4299,0,1
4300,1,3
4301,1,5
4302,1,2
4303,1,1
4304,0,4
4305,1,4
4306,1,2
4307,1,2
4308,1,2
4309,1,2
4310,1,5
4311,1,2
4312,0,2
4313,1,2
4314,1,1
4315,1,2
4316,0,3
4317,1,2
4318,1,3
4319,1,2
4320,1,4
4321,0,5
4322,1,1
4323,1,2
4324,1,2
4325,0,4
4326,1,3
4327,1,5
4328,0,2
4329,0,4
4330,1,3
4331,0,2
4332,1,5
4333,1,2
4334,1,3
4335,0,2
4336,1,1
4337,0,1
4338,1,2
4339,0,2
4340,1,3
4341,1,2
4342,1,2
4343,1,2
4344,0,2
4345,1,1
4346,0,1
4347,1,4
4348,1,1
4349,1,1
4350,1,2
4351,1,1
4352,1,2
4353,1,3
4354,1,5
4355,1,3
4356,0,3
4357,1,3
4358,1,1
4359,0,2
4360,1,3
4361,1,2
4362,1,3
4363,1,2
4364,0,5
4365,1,1
4366,1,3
4367,1,1
4368,1,5
4369,1,2
4370,0,1
4371,1,3
4372,1,5
4373,1,1
4374,0,2
4375,0,2
4376,1,2
4377,1,1
4378,1,2
4379,0,2
4380,1,2
4381,1,2
4382,0,1
4383,1,2
4384,1,2
4385,1,2
4386,0,1
4387,1,4
4388,1,2
4389,1,2
4390,0,1
4391,1,1
4392,1,1
4393,1,2
4394,1,5
4395,1,1
4396,1,1
4397,0,1
4398,0,1
4399,0,1
4400,1,1
4401,0,1
4402,1,2
4403,1,2
4404,1,2
4405,1,2
4406,1,1
4407,0,4
4408,1,2
4409,1,1
4410,1,1
4411,1,1
4412,1,0
4413,1,2
4414,1,1
4415,1,1
4416,1,2
4417,0,5
4418,0,4
4419,1,2
4420,1,4
4421,1,2
4422,1,1
4423,1,2
4424,1,3
4425,1,4
4426,1,1
4427,1,2
4428,1,2
4429,0,2
4430,1,0
4431,1,2
4432,1,2
4433,0,3
4434,1,2
4435,1,2
4436,0,3
4437,1,5
4438,1,3
4439,1,3
4440,1,1
4441,1,5
4442,1,6
4443,0,2
4444,1,2
4445,1,1
4446,1,4
4447,1,2
4448,1,2
4449,1,2
4450,1,2
4451,0,2
4452,1,3
4453,1,2
4454,1,3
4455,0,3
4456,1,3
4457,0,2
4458,1,2
4459,1,2
4460,1,2
4461,0,2
4462,1,5
4463,0,5
4464,1,1
4465,1,3
4466,0,5
4467,0,3
4468,0,4
4469,1,3
4470,1,2
4471,0,4
4472,1,3
4473,1,3
4474,1,1
4475,1,4
4476,1,2
4477,1,0
4478,1,5
4479,1,2
4480,1,2
4481,0,3
4482,0,2
4483,0,2
4484,1,2
4485,1,3
4486,1,2
4487,1,3
4488,1,1
4489,1,3
4490,1,1
4491,1,6
4492,0,0
4493,1,4
4494,1,1
4495,1,4
4496,1,5
4497,1,5
4498,1,2
4499,1,5
4500,1,2
4501,1,5
4502,1,6
4503,0,2
4504,1,5
4505,1,5
4506,1,1
4507,1,2
4508,1,2
4509,1,4
4510,1,3
4511,1,2
4512,1,6
4513,1,1
4514,1,6
4515,1,1
4516,0,1
4517,1,2
4518,1,5
4519,1,2
4520,1,3
4521,1,4
4522,1,1
4523,1,2
4524,1,2
4525,1,2
4526,1,1
4527,1,2
4528,1,3
4529,0,3
4530,1,1
4531,1,2
4532,1,2
4533,1,1
4534,1,1
4535,1,1
4536,0,4
4537,1,2
4538,1,3
4539,0,2
4540,1,0
4541,1,3
4542,1,2
4543,1,6
4544,1,2
4545,1,2
4546,1,1
4547,1,1
4548,0,0
4549,1,1
4550,1,1
4551,1,2
4552,0,3
4553,0,2
4554,0,1
4555,1,4
4556,1,2
4557,1,3
4558,1,2
4559,1,2
4560,0,2
4561,1,3
4562,0,2
4563,1,3
4564,1,3
4565,1,3
4566,1,1
4567,0,2
4568,1,2
4569,1,4
4570,1,3
4571,0,0
4572,1,5
4573,1,2
4574,0,0
4575,0,2
4576,1,3
4577,1,2
4578,0,1
4579,0,6
4580,1,2
4581,0,2
4582,1,5
4583,0,4
4584,1,3
4585,1,2
4586,1,3
4587,0,2
4588,1,2
4589,0,1
4590,1,2
4591,1,1
4592,0,4
4593,1,3
4594,1,2
4595,0,1
4596,0,2
4597,0,3
4598,0,3
4599,1,2
4600,1,3
4601,1,3
4602,0,3
4603,1,2
4604,1,2
4605,0,0
4606,1,2
4607,0,2
4608,0,2
4609,0,2
4610,0,1
4611,0,1
4612,1,2
4613,0,4
4614,1,2
4615,1,2
4616,0,2
4617,1,2
4618,0,2
4619,0,1
4620,1,2
4621,1,2
4622,1,2
4623,1,2
4624,1,2
4625,1,2
4626,1,6
4627,0,6
4628,0,1
4629,0,2
4630,1,1
4631,1,2
4632,1,0
4633,1,5
4634,1,1
4635,1,1
4636,0,3
4637,1,2
4638,1,3
4639,1,2
4640,1,2
4641,1,2
4642,1,2
4643,1,5
4644,0,5
4645,0,2
4646,1,3
4647,1,1
4648,1,6
4649,1,2
4650,0,4
4651,0,2
4652,1,3
4653,1,3
4654,0,2
4655,1,2
4656,1,4
4657,1,2
4658,0,2
4659,0,1
4660,1,4
4661,0,1
4662,1,2
4663,0,4
4664,1,3
4665,1,3
4666,1,2
4667,1,3
4668,1,3
4669,1,3
4670,1,2
4671,1,6
4672,1,3
4673,0,3
4674,0,1
4675,1,4
4676,1,5
4677,1,3
4678,1,6
4679,1,3
4680,0,3
4681,1,2
4682,1,2
4683,0,2
4684,1,3
4685,1,1
4686,1,3
4687,1,2
4688,1,1
4689,0,0
4690,0,4
4691,0,2
4692,1,1
4693,1,6
4694,1,1
4695,1,1
4696,1,1
4697,0,2
4698,0,1
4699,0,1
4700,1,4
4701,1,2
4702,1,2
4703,1,1
4704,0,1
4705,1,2
4706,1,0
4707,1,2
4708,1,4
4709,0,3
4710,1,2
4711,1,3
4712,1,2
4713,1,5
4714,1,2
4715,0,2
4716,1,4
4717,1,3
4718,0,3
4719,1,2
4720,1,3
4721,1,3
4722,1,3
4723,0,6
4724,1,3
4725,0,3
4726,0,6
4727,1,2
4728,1,5
4729,1,5
4730,1,2
4731,1,2
4732,1,1
4733,1,5
4734,1,4
4735,1,1
4736,1,3
4737,1,6
4738,1,2
4739,0,2
4740,1,3
4741,1,2
4742,1,6
4743,1,5
4744,0,1
4745,1,5
4746,1,1
4747,1,4
4748,1,4
4749,0,2
4750,1,5
4751,0,1
4752,1,6
4753,0,1
4754,0,6
4755,1,6
4756,1,3
4757,0,6
4758,0,5
4759,1,3
4760,1,1
4761,0,2
4762,1,6
4763,1,0
4764,0,3
4765,1,3
4766,0,3
4767,1,2
4768,1,2
4769,0,3
4770,0,2
4771,1,6
4772,1,4
4773,1,4
4774,1,2
4775,0,2
4776,1,2
4777,1,2
4778,1,4
4779,1,2
4780,0,5
4781,1,4
4782,1,2
4783,0,3
4784,0,2
4785,1,4
4786,1,0
4787,1,3
4788,1,3
4789,0,2
4790,1,1
4791,0,5
4792,0,2
4793,0,3
4794,1,4
4795,1,3
4796,0,3
4797,1,2
4798,0,1
4799,1,1
4800,1,2
4801,1,6
4802,0,2
4803,0,3
4804,1,3
4805,1,2
4806,1,0
4807,1,3
4808,0,5
4809,1,1
4810,1,3
4811,1,1
4812,0,3
4813,1,1
4814,0,5
4815,0,4
4816,1,2
4817,0,2
4818,1,3
4819,1,5
4820,1,1
4821,0,3
4822,1,1
4823,1,2
4824,1,2
4825,1,4
4826,1,3
4827,0,1
4828,1,2
4829,1,0
4830,0,2
4831,1,2
4832,1,3
4833,0,4
4834,1,2
4835,0,4
4836,1,2
4837,1,4
4838,0,5
4839,0,4
4840,1,2
4841,0,3
4842,1,6
4843,1,4
4844,0,2
4845,0,2
4846,1,2
4847,0,3
4848,0,1
4849,0,4
4850,1,1
4851,1,3
4852,1,2
4853,0,5
4854,1,2
4855,1,2
4856,1,2
4857,1,2
4858,0,1
4859,1,2
4860,1,2
4861,1,2
4862,0,2
4863,1,1
4864,0,3
4865,1,6
4866,1,2
4867,1,3
4868,0,4
4869,0,3
4870,1,1
4871,1,4
4872,1,6
4873,0,2
4874,1,3
4875,0,3
4876,1,2
4877,1,5
4878,1,2
4879,0,4
4880,1,4
4881,1,4
4882,0,0
4883,1,3
4884,1,6
4885,0,3
4886,1,1
4887,0,6
4888,1,1
4889,0,2
4890,1,3
4891,1,2
4892,1,2
4893,1,3
4894,0,2
4895,1,3
4896,1,3
4897,1,2
4898,1,2
4899,1,2
4900,1,2
4901,1,3
4902,1,3
4903,1,5
4904,0,4
4905,1,5
4906,0,5
4907,1,3
4908,0,3
4909,1,1
4910,0,2
4911,0,5
4912,0,2
4913,0,2
4914,1,2
4915,1,1
4916,1,4
4917,0,1
4918,1,1
4919,1,3
4920,0,2
4921,1,1
4922,1,4
4923,0,3
4924,0,3
4925,1,0
4926,1,4
4927,0,2
4928,1,4
4929,1,5
4930,1,5
4931,1,2
4932,1,2
4933,0,2
4934,1,3
4935,0,1
4936,1,3
4937,0,1
4938,1,2
4939,0,5
4940,1,6
4941,1,4
4942,0,5
4943,1,5
4944,1,5
4945,0,3
4946,1,3
4947,1,4
4948,1,1
4949,1,2
4950,0,3
4951,0,2
4952,1,3
4953,1,4
4954,1,6
4955,1,3
4956,1,2
4957,1,1
4958,1,2
4959,1,6
4960,1,2
4961,1,2
4962,1,4
4963,1,3
4964,1,0
4965,1,5
4966,1,1
4967,0,5
4968,1,1
4969,0,2
4970,1,3
4971,1,3
4972,0,6
4973,1,3
4974,1,3
4975,1,2
4976,1,2
4977,1,3
4978,1,3
4979,1,2
4980,1,5
4981,1,2
4982,0,4
4983,1,3
4984,1,3
4985,1,1
4986,0,6
4987,1,2
4988,1,2
4989,0,2
4990,0,6
4991,0,2
4992,1,4
4993,1,4
4994,1,5
4995,1,3
4996,1,0
4997,0,1
4998,0,6
4999,1,2
5000,0,2
5001,1,2
5002,1,3
5003,0,6
5004,1,4
5005,1,3
5006,0,1
5007,1,2
5008,0,4
5009,1,4
5010,1,1
5011,1,5
5012,1,1
5013,1,4
5014,1,3
5015,0,3
5016,1,3
5017,0,6
5018,1,2
5019,0,6
5020,1,5
5021,1,3
5022,1,3
5023,0,4
5024,1,2
5025,1,2
5026,0,2
5027,1,2
5028,1,2
5029,1,1
5030,0,2
5031,1,1
5032,0,6
5033,0,2
5034,0,2
5035,1,3
5036,1,3
5037,1,2
5038,0,3
5039,1,4
5040,0,4
5041,0,1
5042,0,1
5043,0,3
5044,1,3
5045,1,2
5046,1,4
5047,0,3
5048,1,2
5049,0,1
5050,0,5
5051,1,3
5052,1,2
5053,1,3
5054,0,3
5055,1,4
5056,1,5
5057,1,6
5058,1,4
5059,1,4
5060,0,1
5061,1,5
5062,0,0
5063,1,1
5064,1,2
5065,0,2
5066,1,6
5067,1,3
5068,0,6
5069,1,2
5070,0,2
5071,1,4
5072,1,6
5073,1,0
5074,1,5
5075,1,2
5076,1,2
5077,1,4
5078,1,2
5079,0,5
5080,0,1
5081,1,3
5082,1,2
5083,1,1
5084,1,6
5085,1,2
5086,0,2
5087,1,2
5088,0,3
5089,0,3
5090,1,2
5091,1,6
5092,1,5
5093,1,1
5094,0,3
5095,1,2
5096,1,6
5097,1,5
5098,1,1
5099,1,5
5100,1,2
5101,1,2
5102,0,3
5103,1,3
5104,1,5
5105,0,3
5106,0,4
5107,0,2
5108,0,4
5109,1,3
5110,1,3
5111,1,3
5112,1,2
5113,0,0
5114,1,6
5115,1,3
5116,0,2
5117,1,0
5118,0,2
5119,1,5
5120,1,2
5121,1,2
5122,1,5
5123,1,3
5124,1,4
5125,1,2
5126,1,4
5127,1,5
5128,1,4
5129,0,5
5130,0,2
5131,1,3
5132,1,1
5133,1,2
5134,1,3
5135,1,2
5136,1,1
5137,1,2
5138,1,5
5139,1,2
5140,1,1
5141,1,2
5142,1,1
5143,0,5
5144,1,3
5145,1,6
5146,1,1
5147,1,2
5148,1,3
5149,1,2
5150,1,1
5151,0,2
5152,1,2
5153,1,2
5154,1,2
5155,1,1
5156,1,3
5157,0,1
5158,1,3
5159,0,1
5160,1,2
5161,1,2
5162,1,4
5163,0,3
5164,1,3
5165,1,5
5166,1,1
5167,1,3
5168,0,5
5169,1,1
5170,1,6
5171,0,3
5172,1,0
5173,1,4
5174,0,3
5175,1,0
5176,1,4
5177,1,5
5178,1,2
5179,1,3
5180,1,2
5181,0,3
5182,0,1
5183,1,1
5184,0,3
5185,1,3
5186,1,1
5187,0,3
5188,0,4
5189,0,3
5190,0,2
5191,1,2
5192,1,3
5193,1,2
5194,1,3
5195,1,6
5196,0,6
5197,0,1
5198,0,2
5199,0,3
5200,1,5
5201,1,1
5202,0,4
5203,1,5
5204,1,2
5205,1,3
5206,1,2
5207,1,2
5208,1,5
5209,0,3
5210,1,2
5211,1,1
5212,1,1
5213,0,3
5214,0,6
5215,1,1
5216,1,2
5217,1,1
5218,1,1
5219,1,2
5220,0,6
5221,1,2
5222,1,6
5223,1,3
5224,1,1
5225,1,3
5226,1,1
5227,1,0
5228,1,2
5229,1,2
5230,1,3
5231,1,2
5232,1,2
5233,0,2
5234,1,2
5235,1,2
5236,1,2
5237,0,5
5238,1,3
5239,0,2
5240,0,2
5241,1,2
5242,1,0
5243,1,1
5244,0,4
5245,0,1
5246,0,0
5247,0,4
5248,0,4
5249,1,5
5250,0,2
5251,1,2
5252,0,6
5253,1,1
5254,1,0
5255,1,2
5256,0,2
5257,1,3
5258,1,2
5259,1,3
5260,1,3
5261,0,2
5262,1,3
5263,1,1
5264,1,4
5265,1,3
5266,1,3
5267,0,2
5268,1,1
5269,1,2
5270,0,2
5271,1,2
5272,1,6
5273,1,2
5274,1,2
5275,0,2
5276,1,2
5277,0,2
5278,0,2
5279,1,1
5280,1,2
5281,0,1
5282,1,1
5283,1,2
5284,1,1
5285,1,4
5286,1,2
5287,1,6
5288,1,4
5289,0,1
5290,1,4
5291,1,2
5292,1,2
5293,1,2
5294,1,3
5295,0,0
5296,1,2
5297,1,3
5298,1,2
5299,1,2
5300,1,2
5301,0,0
5302,0,6
5303,0,3
5304,0,1
5305,0,2
5306,1,2
5307,1,6
5308,1,2
5309,0,6
5310,1,5
5311,1,2
5312,1,6
5313,0,2
5314,1,2
5315,1,1
5316,0,2
5317,1,1
5318,1,1
5319,0,1
5320,1,2
5321,1,3
5322,1,2
5323,1,2
5324,0,5
5325,1,2
5326,1,2
5327,0,2
5328,0,2
5329,0,2
5330,1,3
5331,1,1
5332,0,2
5333,0,6
5334,1,2
5335,1,6
5336,0,3
5337,1,2
5338,1,1
5339,0,5
5340,0,2
5341,0,3
5342,0,2
5343,0,5
5344,0,2
5345,0,2
5346,1,2
5347,1,1
5348,0,5
5349,1,1
5350,0,4
5351,0,3
5352,1,2
5353,0,4
5354,1,6
5355,1,4
5356,0,1
5357,1,3
5358,1,1
5359,1,1
5360,0,5
5361,1,3
5362,1,6
5363,0,2
5364,1,1
5365,1,1
5366,1,1
5367,0,2
5368,1,2
5369,1,2
5370,1,2
5371,1,2
5372,1,1
5373,1,3
5374,1,2
5375,1,2
5376,0,1
5377,1,3
5378,1,2
5379,1,1
5380,1,2
5381,1,1
5382,1,3
5383,0,2
5384,1,2
5385,1,2
5386,0,2
5387,0,1
5388,1,4
5389,1,0
5390,1,2
5391,1,5
5392,1,3
5393,1,1
5394,1,5
5395,1,2
5396,1,1
5397,1,6
5398,1,2
5399,0,1
5400,0,1
5401,0,2
5402,1,0
5403,1,2
5404,0,5
5405,0,3
5406,0,3
5407,1,2
5408,1,4
5409,0,4
5410,0,0
5411,1,2
5412,1,3
5413,1,0
5414,0,2
5415,0,2
5416,1,1
5417,0,2
5418,0,1
5419,0,0
5420,1,3
5421,1,5
5422,0,5
5423,0,3
5424,1,1
5425,1,2
5426,1,3
5427,0,2
5428,0,2
5429,0,4
5430,1,6
5431,1,6
5432,0,3
5433,0,2
5434,1,4
5435,1,1
5436,1,2
5437,1,2
5438,1,6
5439,0,4
5440,1,5
5441,1,2
5442,1,2
5443,0,1
5444,1,2
5445,0,5
5446,1,4
5447,1,4
5448,1,1
5449,1,1
5450,0,2
5451,1,3
5452,1,1
5453,1,3
5454,0,1
5455,1,3
5456,1,1
5457,0,1
5458,0,0
5459,1,1
5460,1,5
5461,1,2
5462,1,3
5463,1,3
5464,0,2
5465,1,2
5466,1,3
5467,1,2
5468,1,3
5469,1,6
5470,1,1
5471,1,3
5472,1,2
5473,1,2
5474,1,2
5475,0,3
5476,1,3
5477,1,3
5478,1,3
5479,0,2
5480,1,4
5481,1,1
5482,0,2
5483,1,4
5484,1,2
5485,1,2
5486,1,2
5487,1,2
5488,1,1
5489,1,4
5490,1,1
5491,1,1
5492,1,3
5493,0,3
5494,0,1
5495,1,2
5496,1,2
5497,0,5
5498,0,2
5499,0,3
5500,1,2
5501,1,2
5502,0,2
5503,1,4
5504,0,2
5505,0,1
5506,1,4
5507,1,2
5508,1,2
5509,1,1
5510,1,4
5511,0,2
5512,1,3
5513,0,0
5514,1,1
5515,0,5
5516,1,6
5517,1,5
5518,1,3
5519,1,4
5520,0,2
5521,1,2
5522,1,3
5523,0,0
5524,0,0
5525,0,3
5526,1,2
5527,1,5
5528,1,1
5529,0,1
5530,1,5
5531,1,2
5532,0,5
5533,1,4
5534,1,2
5535,1,2
5536,0,6
5537,1,4
5538,0,2
5539,1,3
5540,1,6
5541,1,4
5542,1,2
5543,1,2
5544,0,3
5545,1,1
5546,0,1
5547,0,1
5548,0,5
5549,1,3
5550,0,3
5551,1,5
5552,1,3
5553,1,2
5554,1,0
5555,1,4
5556,1,3
5557,1,0
5558,1,5
5559,0,3
5560,0,2
5561,0,3
5562,0,2
5563,1,4
5564,1,1
5565,1,3
5566,1,5
5567,1,1
5568,0,1
5569,1,2
5570,0,2
5571,0,2
5572,0,3
5573,1,2
5574,1,3
5575,1,2
5576,1,5
5577,0,1
5578,0,3
5579,1,4
5580,1,2
5581,1,4
5582,1,6
5583,0,5
5584,1,2
5585,1,3
5586,1,2
5587,0,2
5588,0,2
5589,0,4
5590,1,1
5591,1,2
5592,1,5
5593,0,4
5594,1,2
5595,1,3
5596,0,1
5597,1,1
5598,1,3
5599,0,4
5600,1,3
5601,1,3
5602,1,5
5603,1,3
5604,0,1
5605,0,2
5606,1,1
5607,1,1
5608,0,5
5609,0,2
5610,0,3
5611,0,2
5612,0,3
5613,1,2
5614,1,3
5615,1,4
5616,1,2
5617,0,1
5618,0,1
5619,1,3
5620,1,2
5621,1,3
5622,1,2
5623,1,2
5624,1,2
5625,1,6
5626,1,2
5627,1,1
5628,1,2
5629,1,3
5630,1,3
5631,0,1
5632,1,5
5633,1,2
5634,0,3
5635,1,2
5636,1,0
5637,1,1
5638,0,1
5639,1,3
5640,0,2
5641,1,0
5642,0,3
5643,0,1
5644,1,2
5645,1,1
5646,1,1
5647,1,2
5648,0,1
5649,0,3
5650,0,2
5651,1,1
5652,1,5
5653,1,2
5654,0,2
5655,1,2
5656,1,5
5657,1,6
5658,1,2
5659,1,2
5660,0,2
5661,1,0
5662,0,3
5663,1,1
5664,1,1
5665,1,1
5666,1,3
5667,0,2
5668,1,6
5669,1,1
5670,1,2
5671,0,2
5672,0,3
5673,1,3
5674,1,3
5675,1,2
5676,1,2
5677,1,3
5678,1,3
5679,1,5
5680,0,2
5681,1,1
5682,0,1
5683,1,1
5684,1,2
5685,1,6
5686,0,0
5687,0,1
5688,1,2
5689,1,1
5690,1,3
5691,0,2
5692,0,2
5693,0,2
5694,0,3
5695,0,2
5696,1,2
5697,1,3
5698,1,3
5699,0,1
5700,1,2
5701,1,1
5702,1,6
5703,0,1
5704,0,1
5705,1,1
5706,1,2
5707,1,3
5708,1,1
5709,1,2
5710,1,2
5711,1,3
5712,0,5
5713,1,3
5714,1,1
5715,1,0
5716,1,2
5717,0,3
5718,1,6
5719,1,2
5720,1,4
5721,1,2
5722,1,1
5723,1,2
5724,1,1
5725,1,2
5726,1,2
5727,0,3
5728,1,1
5729,1,1
5730,0,2
5731,0,2
5732,1,2
5733,0,2
5734,1,2
5735,1,2
5736,1,4
5737,1,2
5738,1,2
5739,1,2
5740,1,5
5741,0,2
5742,0,3
5743,0,2
5744,0,1
5745,1,1
5746,1,2
5747,1,2
5748,1,2
5749,1,1
5750,0,0
5751,0,6
5752,1,1
5753,0,1
5754,0,3
5755,0,0
5756,1,0
5757,0,5
5758,0,2
5759,1,1
5760,1,2
5761,0,3
5762,0,2
5763,0,5
5764,1,2
5765,1,6
5766,1,2
5767,0,0
5768,1,4
5769,1,2
5770,1,2
5771,1,3
5772,1,2
5773,1,1
5774,1,2
5775,1,1
5776,1,0
5777,1,3
5778,1,2
5779,1,1
5780,1,2
5781,0,3
5782,0,4
5783,1,1
5784,0,2
5785,1,2
5786,1,2
5787,1,2
5788,1,2
5789,0,3
5790,1,1
5791,1,2
5792,1,2
5793,1,3
5794,1,2
5795,0,2
5796,1,2
5797,1,3
5798,1,2
5799,1,3
5800,1,2
5801,0,2
5802,1,0
5803,0,3
5804,0,2
5805,0,5
5806,1,3
5807,0,2
5808,1,2
5809,1,5
5810,1,1
5811,0,2
5812,1,2
5813,1,2
5814,1,2
5815,1,2
5816,1,2
5817,1,2
5818,1,5
5819,1,4
5820,1,2
5821,0,3
5822,1,2
5823,1,1
5824,0,2
5825,1,1
5826,1,2
5827,1,2
5828,0,2
5829,0,1
5830,1,2
5831,0,2
5832,0,3
5833,1,6
5834,0,3
5835,1,2
5836,1,2
5837,0,4
5838,1,2
5839,0,0
5840,0,3
5841,1,2
5842,1,3
5843,0,0
5844,0,2
5845,1,4
5846,0,1
5847,1,5
5848,1,3
5849,0,2
5850,0,1
5851,0,2
5852,1,5
5853,1,4
5854,1,5
5855,0,2
5856,0,4
5857,1,2
5858,1,2
5859,0,2
5860,0,5
5861,0,2
5862,0,2
5863,0,5
5864,1,2
5865,0,2
5866,0,4
5867,1,3
5868,0,2
5869,1,2
5870,0,2
5871,1,2
5872,1,1
5873,1,2
5874,1,2
5875,1,5
5876,1,1
5877,0,2
5878,1,3
5879,1,2
5880,1,3
5881,1,3
5882,0,1
5883,1,1
5884,1,2
5885,1,2
5886,0,3
5887,1,2
5888,1,5
5889,1,3
5890,1,1
5891,1,4
5892,1,2
5893,1,3
5894,1,2
5895,1,2
5896,1,2
5897,0,1
5898,1,3
5899,1,2
5900,0,3
5901,1,5
5902,1,2
5903,0,4
5904,0,3
5905,0,1
5906,1,2
5907,1,2
5908,1,1
5909,0,4
5910,0,2
5911,1,2
5912,0,1
5913,1,3
5914,1,1
5915,1,5
5916,0,5
5917,1,2
5918,1,1
5919,0,2
5920,1,2
5921,1,6
5922,1,2
5923,1,3
5924,0,2
5925,0,5
5926,1,3
5927,1,4
5928,0,3
5929,0,3
5930,0,1
5931,1,1
5932,1,2
5933,1,2
5934,1,1
5935,1,1
5936,1,2
5937,1,2
5938,0,4
5939,1,5
5940,0,2
5941,1,4
5942,0,4
5943,0,1
5944,0,3
5945,0,6
5946,0,4
5947,1,6
5948,1,1
5949,1,2
5950,1,1
5951,0,4
5952,1,0
5953,1,4
5954,0,2
5955,0,1
5956,1,1
5957,1,4
5958,0,1
5959,0,4
5960,0,4
5961,1,3
5962,1,2
5963,1,1
5964,1,2
5965,0,3
5966,1,5
5967,1,6
5968,1,4
5969,1,3
5970,1,3
5971,0,2
5972,1,0
5973,0,2
5974,1,2
5975,0,2
5976,1,3
5977,1,3
5978,1,2
5979,1,6
5980,1,3
5981,1,3
5982,1,2
5983,1,2
5984,0,1
5985,0,6
5986,1,2
5987,1,2
5988,0,0
5989,0,2
5990,0,3
5991,0,1
5992,0,5
5993,1,3
5994,0,3
5995,0,2
5996,0,2
5997,1,1
5998,0,2
5999,1,4
6000,0,2
6001,1,5
6002,0,4
6003,0,2
6004,0,2
6005,0,0
6006,1,3
6007,1,1
6008,0,2
6009,1,3
6010,1,3
6011,1,3
6012,0,2
6013,1,4
6014,0,2
6015,1,4
6016,0,3
6017,1,3
6018,1,2
6019,1,5
6020,1,2
6021,1,2
6022,1,2
6023,1,2
6024,0,2
6025,1,3
6026,1,1
6027,1,1
6028,0,2
6029,1,2
6030,0,1
6031,1,4
6032,1,5
6033,1,2
6034,0,2
6035,0,2
6036,0,4
6037,0,6
6038,0,4
6039,1,2
